Sheet_Name,Row_Number,Original_Field_Name,Cleaned_Field_Name,Basic_Scoped_Name,Enhanced_Scoped_Name,Statement_Context,Section_Context,Subsection_Context,Subsubsection_Context,Row_Type,Sample_Values
Income Statement,5,Net sales,Net_Sales,Income_Statement.Net_Sales,Income_Statement.Revenue.Net_Sales,Income_Statement,,,,data_field,32743 | 32184 | 36201
Income Statement,6,Cost of sales,Cost_Of_Sales,Income_Statement.Cost_Of_Sales,Income_Statement.Revenue.Cost_Of_Sales,Income_Statement,,,,data_field,20278 | 18841 | 18864
Income Statement,7,Gross profit,Gross_Profit,Income_Statement.Gross_Profit,Income_Statement.Gross_Profit,Income_Statement,,,,data_field,12465 | 13343 | 17337
Income Statement,10,Sales and marketing,Sales_And_Marketing,Income_Statement.Operating_Expenses.Sales_And_Marketing,Income_Statement.Revenue.Sales_And_Marketing,Income_Statement,,Operating_Expenses,,data_field,1080 | 1263 | 1768
Income Statement,11,Research and development,Research_And_Development,Income_Statement.Operating_Expenses.Research_And_Development,Income_Statement.Research_And_Development,Income_Statement,,Operating_Expenses,,data_field,1235 | 1387 | 1692
Income Statement,12,General and administrative,General_And_Administrative,Income_Statement.Operating_Expenses.General_And_Administrative,Income_Statement.General_And_Administrative,Income_Statement,,Operating_Expenses,,data_field,2659 | 3154 | 3539
Income Statement,13,Goodwill impairment,Goodwill_Impairment,Income_Statement.Operating_Expenses.Goodwill_Impairment,Income_Statement.Goodwill_Impairment,Income_Statement,,Operating_Expenses,,data_field,
Income Statement,16,"Restructuring charges (recoveries), net",Restructuring_Charges_Recoveries_Net,Income_Statement.Impairment_Of_Long_Lived_Assets.Restructuring_Charges_Recoveries_Net,Income_Statement.Restructuring_Charges_Recoveries_Net,Income_Statement,Impairment_Of_Long_Lived_Assets,,,data_field,
Income Statement,17,Loss (gain) on foreign exchange,Loss_Gain_On_Foreign_Exchange,Income_Statement.Impairment_Of_Long_Lived_Assets.Loss_Gain_On_Foreign_Exchange,Income_Statement.Loss_Gain_On_Foreign_Exchange,Income_Statement,Impairment_Of_Long_Lived_Assets,,,data_field,0 | 0 | 0
Income Statement,20,Operating income (loss),Operating_Income_Loss,Income_Statement.Impairment_Of_Long_Lived_Assets.Total_Operating_Expenses.Operating_Income_Loss,Income_Statement.Operating_Income_Loss,Income_Statement,Impairment_Of_Long_Lived_Assets,,Total_Operating_Expenses,data_field,7491 | 7539 | 10338
Income Statement,23,"Interest income (expense), net",Interest_Income_Expense_Net,Income_Statement.Impairment_Of_Long_Lived_Assets.Other_Income_Expense_Net.Interest_Income_Expense_Net,Income_Statement.Expenses.Interest_Income_Expense_Net,Income_Statement,Impairment_Of_Long_Lived_Assets,Other_Income_Expense_Net,,data_field,-355 | -354 | -342
Income Statement,24,"Other income (expense), net",Other_Income_Expense_Net,Income_Statement.Impairment_Of_Long_Lived_Assets.Other_Income_Expense_Net.Other_Income_Expense_Net,Income_Statement.Expenses.Other_Income_Expense_Net,Income_Statement,Impairment_Of_Long_Lived_Assets,Other_Income_Expense_Net,,data_field,-1854 | -353 | -2006
Income Statement,27,Income (loss) before provision for income taxes,Income_Loss_Before_Provision_For_Income_Taxes,Income_Statement.Impairment_Of_Long_Lived_Assets.Other_Income_Expense_Net.Total_Other_Income_Expense.Income_Loss_Before_Provision_For_Income_Taxes,Income_Statement.Income_Loss_Before_Provision_For_Income_Taxes,Income_Statement,Impairment_Of_Long_Lived_Assets,Other_Income_Expense_Net,Total_Other_Income_Expense,data_field,5282 | 6832 | 7990
Income Statement,28,Provision for income taxes,Provision_For_Income_Taxes,Income_Statement.Impairment_Of_Long_Lived_Assets.Other_Income_Expense_Net.Total_Other_Income_Expense.Provision_For_Income_Taxes,Income_Statement.Provision_For_Income_Taxes,Income_Statement,Impairment_Of_Long_Lived_Assets,Other_Income_Expense_Net,Total_Other_Income_Expense,data_field,1927 | 1939 | 2731
Income Statement,30,Net income (loss),Net_Income_Loss,Income_Statement.Impairment_Of_Long_Lived_Assets.Other_Income_Expense_Net.Total_Other_Income_Expense.Net_Income_Loss,Income_Statement.Net_Income_Loss,Income_Statement,Impairment_Of_Long_Lived_Assets,Other_Income_Expense_Net,Total_Other_Income_Expense,data_field,3355 | 4893 | 5259
Income Statement,31,Less: net income (loss) attributable to noncontrolling interests,Less_Net_Income_Loss_Attributable_To_Noncontrolling_Interests,Income_Statement.Impairment_Of_Long_Lived_Assets.Other_Income_Expense_Net.Total_Other_Income_Expense.Less_Net_Income_Loss_Attributable_To_Noncontrolling_Interests,Income_Statement.Less_Net_Income_Loss_Attributable_To_Noncontrolling_Interests,Income_Statement,Impairment_Of_Long_Lived_Assets,Other_Income_Expense_Net,Total_Other_Income_Expense,data_field,288 | 110 | 512
Income Statement,32,Preferred stock Accretion & Beneficial Conversion Feature,Preferred_Stock_Accretion_Beneficial_Conversion_Feature,Income_Statement.Impairment_Of_Long_Lived_Assets.Other_Income_Expense_Net.Total_Other_Income_Expense.Preferred_Stock_Accretion_Beneficial_Conversion_Feature,Income_Statement.Preferred_Stock_Accretion_Beneficial_Conversion_Feature,Income_Statement,Impairment_Of_Long_Lived_Assets,Other_Income_Expense_Net,Total_Other_Income_Expense,data_field,518 | 518 | 518
Income Statement,33,Net income (loss) attributable to IPG Photonics Corporation,Net_Income_Loss_Attributable_To_Ipg_Photonics_Corporation,Income_Statement.Impairment_Of_Long_Lived_Assets.Other_Income_Expense_Net.Total_Other_Income_Expense.Net_Income_Loss_Attributable_To_Ipg_Photonics_Corporation,Income_Statement.Net_Income_Loss_Attributable_To_Ipg_Photonics_Corporation,Income_Statement,Impairment_Of_Long_Lived_Assets,Other_Income_Expense_Net,Total_Other_Income_Expense,data_field,2549 | 4265 | 4229
Income Statement,36,Basic,Basic,Income_Statement.Impairment_Of_Long_Lived_Assets.Net_Income_Loss_Attributable_To_Ipg_Photonics_Corporation_Per_Share.Basic,Income_Statement.Basic,Income_Statement,Impairment_Of_Long_Lived_Assets,Net_Income_Loss_Attributable_To_Ipg_Photonics_Corporation_Per_Share,,data_field,0.07 | 0.12 | 0.12
Income Statement,37,Diluted,Diluted,Income_Statement.Impairment_Of_Long_Lived_Assets.Net_Income_Loss_Attributable_To_Ipg_Photonics_Corporation_Per_Share.Diluted,Income_Statement.Diluted,Income_Statement,Impairment_Of_Long_Lived_Assets,Net_Income_Loss_Attributable_To_Ipg_Photonics_Corporation_Per_Share,,data_field,0.07 | 0.11 | 0.11
Income Statement,40,Basic,Basic,Income_Statement.Impairment_Of_Long_Lived_Assets.Weighted_Average_Shares_Outstanding.Basic,Income_Statement.Basic,Income_Statement,Impairment_Of_Long_Lived_Assets,Weighted_Average_Shares_Outstanding,,data_field,36066 | 36370 | 36600
Income Statement,41,Diluted,Diluted,Income_Statement.Impairment_Of_Long_Lived_Assets.Weighted_Average_Shares_Outstanding.Diluted,Income_Statement.Diluted,Income_Statement,Impairment_Of_Long_Lived_Assets,Weighted_Average_Shares_Outstanding,,data_field,38164 | 38663 | 39257
Income Statement,44,Gross margin,Gross_Margin,Income_Statement.Impairment_Of_Long_Lived_Assets.Weighted_Average_Shares_Outstanding.Gross_Margin,Income_Statement.Gross_Margin,Income_Statement,Impairment_Of_Long_Lived_Assets,Weighted_Average_Shares_Outstanding,,data_field,0.3806920563173808 | 0.41458488690032314 | 0.47890942239164663
Income Statement,45,Operating margin,Operating_Margin,Income_Statement.Impairment_Of_Long_Lived_Assets.Weighted_Average_Shares_Outstanding.Operating_Margin,Income_Statement.Operating_Margin,Income_Statement,Impairment_Of_Long_Lived_Assets,Weighted_Average_Shares_Outstanding,,data_field,0.22878172433802646 | 0.2342468307233408 | 0.2855722217618298
Income Statement,49,Tax rate,Tax_Rate,Income_Statement.Impairment_Of_Long_Lived_Assets.Weighted_Average_Shares_Outstanding.Ga_Of_Total_Revenue.Tax_Rate,Income_Statement.Tax_Rate,Income_Statement,Impairment_Of_Long_Lived_Assets,Weighted_Average_Shares_Outstanding,Ga_Of_Total_Revenue,data_field,0.3648239303294207 | 0.2838114754098361 | 0.34180225281602
Income Statement,50,Net margin,Net_Margin,Income_Statement.Impairment_Of_Long_Lived_Assets.Weighted_Average_Shares_Outstanding.Ga_Of_Total_Revenue.Net_Margin,Income_Statement.Net_Margin,Income_Statement,Impairment_Of_Long_Lived_Assets,Weighted_Average_Shares_Outstanding,Ga_Of_Total_Revenue,data_field,0.07784870048559997 | 0.13251926423067362 | 0.11681997734869203
Income Statement,52,NOPAT,Nopat,Income_Statement.Impairment_Of_Long_Lived_Assets.Weighted_Average_Shares_Outstanding.Ga_Of_Total_Revenue.Nopat,Income_Statement.Nopat,Income_Statement,Impairment_Of_Long_Lived_Assets,Weighted_Average_Shares_Outstanding,Ga_Of_Total_Revenue,data_field,
Income Statement,53,OPERATING INCOME (LOSS),Operating_Income_Loss,Income_Statement.Impairment_Of_Long_Lived_Assets.Weighted_Average_Shares_Outstanding.Ga_Of_Total_Revenue.Operating_Income_Loss,Income_Statement.Operating_Income_Loss,Income_Statement,Impairment_Of_Long_Lived_Assets,Weighted_Average_Shares_Outstanding,Ga_Of_Total_Revenue,data_field,
Income Statement,54,PROVISION FOR INCOME TAXES,Provision_For_Income_Taxes,Income_Statement.Impairment_Of_Long_Lived_Assets.Weighted_Average_Shares_Outstanding.Ga_Of_Total_Revenue.Provision_For_Income_Taxes,Income_Statement.Provision_For_Income_Taxes,Income_Statement,Impairment_Of_Long_Lived_Assets,Weighted_Average_Shares_Outstanding,Ga_Of_Total_Revenue,data_field,
Income Statement,57,Net income (loss) excluding loss (gain) on foreign exchange and other items (1),Net_Income_Loss_Excluding_Loss_Gain_On_Foreign_Exchange_And_Other_Items_1,Income_Statement.Impairment_Of_Long_Lived_Assets.Weighted_Average_Shares_Outstanding.Total.Net_Income_Loss_Excluding_Loss_Gain_On_Foreign_Exchange_And_Other_Items_1,Income_Statement.Net_Income_Loss_Excluding_Loss_Gain_On_Foreign_Exchange_And_Other_Items_1,Income_Statement,Impairment_Of_Long_Lived_Assets,Weighted_Average_Shares_Outstanding,Total,data_field,
Income Statement,60,Return on invested capital,Return_On_Invested_Capital,Income_Statement.Return_On_Equity.Return_On_Invested_Capital,Income_Statement.Return_On_Invested_Capital,Income_Statement,Return_On_Equity,,,data_field,
Income Statement,61,"Return on invested capital, excluding cash",Return_On_Invested_Capital_Excluding_Cash,Income_Statement.Return_On_Equity.Return_On_Invested_Capital_Excluding_Cash,Income_Statement.Return_On_Invested_Capital_Excluding_Cash,Income_Statement,Return_On_Equity,,,data_field,
Balance Sheet,7,Cash and cash equivalents,Cash_And_Cash_Equivalents,Balance_Sheet.Current_Assets.Cash_And_Cash_Equivalents,Balance_Sheet.Cash_And_Cash_Equivalents,Balance_Sheet,Current_Assets,,,data_field,11282 | 11357 | 75667
Balance Sheet,8,Short-term investments,Short_Term_Investments,Balance_Sheet.Current_Assets.Short_Term_Investments,Balance_Sheet.Short_Term_Investments,Balance_Sheet,Current_Assets,,,data_field,0 | 0 | 0
Balance Sheet,9,"Accounts receivable, net",Accounts_Receivable_Net,Balance_Sheet.Current_Assets.Accounts_Receivable_Net,Balance_Sheet.Accounts_Receivable_Net,Balance_Sheet,Current_Assets,,,data_field,18131 | 22459 | 22353
Balance Sheet,10,Inventories,Inventories,Balance_Sheet.Current_Assets.Inventories,Balance_Sheet.Inventories,Balance_Sheet,Current_Assets,,,data_field,34759 | 40367 | 42162
Balance Sheet,11,Components and raw materials,Components_And_Raw_Materials,Balance_Sheet.Current_Assets.Components_And_Raw_Materials,Balance_Sheet.Components_And_Raw_Materials,Balance_Sheet,Current_Assets,,,data_field,14637 | 15498 | 19244
Balance Sheet,12,Work in-process,Work_In_Process,Balance_Sheet.Current_Assets.Work_In_Process,Balance_Sheet.Work_In_Process,Balance_Sheet,Current_Assets,,,data_field,8872 | 11983 | 12886
Balance Sheet,13,Finished goods,Finished_Goods,Balance_Sheet.Current_Assets.Finished_Goods,Balance_Sheet.Finished_Goods,Balance_Sheet,Current_Assets,,,data_field,11250 | 12886 | 10032
Balance Sheet,14,Prepaid income taxes,Prepaid_Income_Taxes,Balance_Sheet.Current_Assets.Prepaid_Income_Taxes,Balance_Sheet.Prepaid_Income_Taxes,Balance_Sheet,Current_Assets,,,data_field,0 | 0 | 80
Balance Sheet,18,"Deferred income taxes, net",Deferred_Income_Taxes_Net,Balance_Sheet.Total_Current_Assets.Deferred_Income_Taxes_Net,Balance_Sheet.Deferred_Income_Taxes_Net,Balance_Sheet,Total_Current_Assets,,,data_field,168 | 174 | 13392
Balance Sheet,19,Goodwill,Goodwill,Balance_Sheet.Total_Current_Assets.Goodwill,Balance_Sheet.Goodwill,Balance_Sheet,Total_Current_Assets,,,data_field,0 | 0 | 0
Balance Sheet,21,"Property, plant and equipment, net",Property_Plant_And_Equipment_Net,Balance_Sheet.Intangible_Assets_Net.Property_Plant_And_Equipment_Net,Balance_Sheet.Property_Plant_And_Equipment_Net,Balance_Sheet,Intangible_Assets_Net,,,data_field,57545 | 61232 | 67153
Balance Sheet,27,Revolving line-of-credit facilities,Revolving_Line_Of_Credit_Facilities,Balance_Sheet.Current_Liabilities.Revolving_Line_Of_Credit_Facilities,Balance_Sheet.Revolving_Line_Of_Credit_Facilities,Balance_Sheet,Current_Liabilities,,,data_field,11011 | 7886 | 2603
Balance Sheet,28,Current portion of long-term debt,Current_Portion_Of_Long_Term_Debt,Balance_Sheet.Current_Liabilities.Current_Portion_Of_Long_Term_Debt,Balance_Sheet.Liabilities.Current_Portion_Of_Long_Term_Debt,Balance_Sheet,Current_Liabilities,,,data_field,15301 | 10025 | 8299
Balance Sheet,29,Accounts payable,Accounts_Payable,Balance_Sheet.Current_Liabilities.Accounts_Payable,Balance_Sheet.Liabilities.Accounts_Payable,Balance_Sheet,Current_Liabilities,,,data_field,6231 | 6951 | 7640
Balance Sheet,30,Accrued compensation,Accrued_Compensation,Balance_Sheet.Current_Liabilities.Accrued_Compensation,Balance_Sheet.Accrued_Compensation,Balance_Sheet,Current_Liabilities,,,data_field,0 | 0 | 0
Balance Sheet,31,Customer deposits and deferred revenue,Customer_Deposits_And_Deferred_Revenue,Balance_Sheet.Current_Liabilities.Customer_Deposits_And_Deferred_Revenue,Balance_Sheet.Customer_Deposits_And_Deferred_Revenue,Balance_Sheet,Current_Liabilities,,,data_field,0 | 0 | 0
Balance Sheet,32,Current portion of accrued warranty,Current_Portion_Of_Accrued_Warranty,Balance_Sheet.Current_Liabilities.Current_Portion_Of_Accrued_Warranty,Balance_Sheet.Current_Portion_Of_Accrued_Warranty,Balance_Sheet,Current_Liabilities,,,data_field,0 | 0 | 0
Balance Sheet,34,Income taxes payable,Income_Taxes_Payable,Balance_Sheet.Other_Liabilities.Income_Taxes_Payable,Balance_Sheet.Liabilities.Income_Taxes_Payable,Balance_Sheet,Other_Liabilities,,,data_field,1969 | 2520 | 8289
Balance Sheet,38,"Long-term debt, net of current portion",Long_Term_Debt_Net_Of_Current_Portion,Balance_Sheet.Other_Long_Term_Liabilities_And_Deferred_Income_Taxes.Long_Term_Debt_Net_Of_Current_Portion,Balance_Sheet.Liabilities.Long_Term_Debt_Net_Of_Current_Portion,Balance_Sheet,Other_Long_Term_Liabilities_And_Deferred_Income_Taxes,,,data_field,25830 | 32126 | 30068
Balance Sheet,41,Redeemable Noncontrolling Interests,Redeemable_Noncontrolling_Interests,Balance_Sheet.Total_Liabilities.Redeemable_Noncontrolling_Interests,Balance_Sheet.Redeemable_Noncontrolling_Interests,Balance_Sheet,Total_Liabilities,,,data_field,0 | 0 | 0
Balance Sheet,44,Common stock,Common_Stock,Balance_Sheet.Total_Liabilities.Common_Stock,Balance_Sheet.Common_Stock,Balance_Sheet,Total_Liabilities,,,data_field,4 | 4 | 4
Balance Sheet,45,"Treasury stock, at cost",Treasury_Stock_At_Cost,Balance_Sheet.Total_Liabilities.Treasury_Stock_At_Cost,Balance_Sheet.Treasury_Stock_At_Cost,Balance_Sheet,Total_Liabilities,,,data_field,0 | 0 | 0
Balance Sheet,46,Additional paid-in capital,Additional_Paid_In_Capital,Balance_Sheet.Total_Liabilities.Additional_Paid_In_Capital,Balance_Sheet.Equity.Additional_Paid_In_Capital,Balance_Sheet,Total_Liabilities,,,data_field,197177 | 197496 | 271122
Balance Sheet,47,Notes receivable from stockholders,Notes_Receivable_From_Stockholders,Balance_Sheet.Total_Liabilities.Notes_Receivable_From_Stockholders,Balance_Sheet.Notes_Receivable_From_Stockholders,Balance_Sheet,Total_Liabilities,,,data_field,-463 | -23 | -23
Balance Sheet,48,Retained earnings,Retained_Earnings,Balance_Sheet.Total_Liabilities.Retained_Earnings,Balance_Sheet.Equity.Retained_Earnings,Balance_Sheet,Total_Liabilities,,,data_field,-146558 | -141775 | -137028
Balance Sheet,49,Accumulated other comprehensive gain (loss),Accumulated_Other_Comprehensive_Gain_Loss,Balance_Sheet.Total_Liabilities.Accumulated_Other_Comprehensive_Gain_Loss,Balance_Sheet.Accumulated_Other_Comprehensive_Gain_Loss,Balance_Sheet,Total_Liabilities,,,data_field,5629 | 6042 | 7883
Balance Sheet,52,Noncontrolling interests,Noncontrolling_Interests,Balance_Sheet.Total_Ipg_Photonics_Corporation_Equity.Noncontrolling_Interests,Balance_Sheet.Noncontrolling_Interests,Balance_Sheet,Total_Ipg_Photonics_Corporation_Equity,,,data_field,1343 | 1856 | 2827
Balance Sheet,57,INVESTED CAPITAL,Invested_Capital,Balance_Sheet.Total_Liabilities_And_Equity.Invested_Capital,Balance_Sheet.Equity.Invested_Capital,Balance_Sheet,Total_Liabilities_And_Equity,,,data_field,
Balance Sheet,58,Contingent purchase consideration,Contingent_Purchase_Consideration,Balance_Sheet.Total_Liabilities_And_Equity.Contingent_Purchase_Consideration,Balance_Sheet.Contingent_Purchase_Consideration,Balance_Sheet,Total_Liabilities_And_Equity,,,data_field,0 | 0 | 0
Balance Sheet,59,Revolving line-of-credit facilities,Revolving_Line_Of_Credit_Facilities,Balance_Sheet.Total_Liabilities_And_Equity.Revolving_Line_Of_Credit_Facilities,Balance_Sheet.Revolving_Line_Of_Credit_Facilities,Balance_Sheet,Total_Liabilities_And_Equity,,,data_field,11011 | 7886 | 2603
Balance Sheet,60,Current portion of long-term debt,Current_Portion_Of_Long_Term_Debt,Balance_Sheet.Total_Liabilities_And_Equity.Current_Portion_Of_Long_Term_Debt,Balance_Sheet.Liabilities.Current_Portion_Of_Long_Term_Debt,Balance_Sheet,Total_Liabilities_And_Equity,,,data_field,15301 | 10025 | 8299
Balance Sheet,61,"Long-term debt, net of current portion",Long_Term_Debt_Net_Of_Current_Portion,Balance_Sheet.Total_Liabilities_And_Equity.Long_Term_Debt_Net_Of_Current_Portion,Balance_Sheet.Liabilities.Long_Term_Debt_Net_Of_Current_Portion,Balance_Sheet,Total_Liabilities_And_Equity,,,data_field,25830 | 32126 | 30068
Balance Sheet,62,Redeemable Noncontrolling Interests,Redeemable_Noncontrolling_Interests,Balance_Sheet.Total_Liabilities_And_Equity.Redeemable_Noncontrolling_Interests,Balance_Sheet.Redeemable_Noncontrolling_Interests,Balance_Sheet,Total_Liabilities_And_Equity,,,data_field,0 | 0 | 0
Balance Sheet,67,Days Sales Outstanding,Days_Sales_Outstanding,Balance_Sheet.Total_Equity.Total_Excluding_Cash_And_Short_Term_Investments.Days_Sales_Outstanding,Balance_Sheet.Days_Sales_Outstanding,Balance_Sheet,Total_Equity,,Total_Excluding_Cash_And_Short_Term_Investments,data_field,51.26525602783992 | 57.07654484682743 | 48.85089198755256
Balance Sheet,68,Days Inventory Outstanding,Days_Inventory_Outstanding,Balance_Sheet.Total_Equity.Total_Excluding_Cash_And_Short_Term_Investments.Days_Inventory_Outstanding,Balance_Sheet.Days_Inventory_Outstanding,Balance_Sheet,Total_Equity,,Total_Excluding_Cash_And_Short_Term_Investments,data_field,167.88222493498222 | 196.87044105173877 | 176.73154729360306
Balance Sheet,69,Days Payable Outstanding,Days_Payable_Outstanding,Balance_Sheet.Total_Equity.Total_Excluding_Cash_And_Short_Term_Investments.Days_Payable_Outstanding,Balance_Sheet.Liabilities.Days_Payable_Outstanding,Balance_Sheet,Total_Equity,,Total_Excluding_Cash_And_Short_Term_Investments,data_field,30.095058648691683 | 33.900127226463106 | 32.02478585748132
Balance Sheet,70,Cash Conversion Cycle,Cash_Conversion_Cycle,Balance_Sheet.Total_Equity.Total_Excluding_Cash_And_Short_Term_Investments.Cash_Conversion_Cycle,Balance_Sheet.Cash_Conversion_Cycle,Balance_Sheet,Total_Equity,,Total_Excluding_Cash_And_Short_Term_Investments,data_field,189.05242231413044 | 220.0468586721031 | 193.5576534236743
Cash Flows,6,Net income (loss),Net_Income_Loss,Cash_Flows.Cash_Flows_From_Operating_Activities.Net_Income_Loss,CashFlow_Statement.Operating_Activities.Net_Income_Loss,Cash_Flows,Cash_Flows_From_Operating_Activities,,,data_field,2549 | 4265 | 4229
Cash Flows,8,Depreciation and amortization,Depreciation_And_Amortization,Cash_Flows.Adjustments_To_Reconcile_Net_Income_Loss_To_Net_Cash_Provided_By_Used_In_Operating_Activities.Depreciation_And_Amortization,CashFlow_Statement.Operating_Activities.Depreciation_And_Amortization,Cash_Flows,Adjustments_To_Reconcile_Net_Income_Loss_To_Net_Cash_Provided_By_Used_In_Operating_Activities,,,data_field,1817 | 1937 | 1910
Cash Flows,9,Goodwill impairment,Goodwill_Impairment,Cash_Flows.Adjustments_To_Reconcile_Net_Income_Loss_To_Net_Cash_Provided_By_Used_In_Operating_Activities.Goodwill_Impairment,CashFlow_Statement.Operating_Activities.Goodwill_Impairment,Cash_Flows,Adjustments_To_Reconcile_Net_Income_Loss_To_Net_Cash_Provided_By_Used_In_Operating_Activities,,,data_field,0 | 0 | 0
Cash Flows,11,Deferred income taxes,Deferred_Income_Taxes,Cash_Flows.Impairment_Of_Long_Lived_Assets_And_Restructuring_Charges_Recoveries_Net.Deferred_Income_Taxes,CashFlow_Statement.Deferred_Income_Taxes,Cash_Flows,Impairment_Of_Long_Lived_Assets_And_Restructuring_Charges_Recoveries_Net,,,data_field,1990 | 1073 | -2987
Cash Flows,12,Stock-based compensation,Stock_Based_Compensation,Cash_Flows.Impairment_Of_Long_Lived_Assets_And_Restructuring_Charges_Recoveries_Net.Stock_Based_Compensation,CashFlow_Statement.Stock_Based_Compensation,Cash_Flows,Impairment_Of_Long_Lived_Assets_And_Restructuring_Charges_Recoveries_Net,,,data_field,0 | 126 | 191
Cash Flows,13,Unrealized losses (gains) on foreign currency transactions,Unrealized_Losses_Gains_On_Foreign_Currency_Transactions,Cash_Flows.Impairment_Of_Long_Lived_Assets_And_Restructuring_Charges_Recoveries_Net.Unrealized_Losses_Gains_On_Foreign_Currency_Transactions,CashFlow_Statement.Unrealized_Losses_Gains_On_Foreign_Currency_Transactions,Cash_Flows,Impairment_Of_Long_Lived_Assets_And_Restructuring_Charges_Recoveries_Net,,,data_field,0 | 321 | 264
Cash Flows,14,Gain on divestiture and sale of asset,Gain_On_Divestiture_And_Sale_Of_Asset,Cash_Flows.Impairment_Of_Long_Lived_Assets_And_Restructuring_Charges_Recoveries_Net.Gain_On_Divestiture_And_Sale_Of_Asset,CashFlow_Statement.Gain_On_Divestiture_And_Sale_Of_Asset,Cash_Flows,Impairment_Of_Long_Lived_Assets_And_Restructuring_Charges_Recoveries_Net,,,data_field,
Cash Flows,15,Other,Other,Cash_Flows.Impairment_Of_Long_Lived_Assets_And_Restructuring_Charges_Recoveries_Net.Other,CashFlow_Statement.Other,Cash_Flows,Impairment_Of_Long_Lived_Assets_And_Restructuring_Charges_Recoveries_Net,,,data_field,2892 | 1089 | 3066
Cash Flows,16,"Provisions for inventory, warranty & bad debt",Provisions_For_Inventory_Warranty_Bad_Debt,Cash_Flows.Impairment_Of_Long_Lived_Assets_And_Restructuring_Charges_Recoveries_Net.Provisions_For_Inventory_Warranty_Bad_Debt,CashFlow_Statement.Provisions_For_Inventory_Warranty_Bad_Debt,Cash_Flows,Impairment_Of_Long_Lived_Assets_And_Restructuring_Charges_Recoveries_Net,,,data_field,0 | 298 | 298
Cash Flows,18,Accounts receivable,Accounts_Receivable,Cash_Flows.Changes_In_Assets_And_Liabilities_That_Used_Provided_Cash.Accounts_Receivable,CashFlow_Statement.Accounts_Receivable,Cash_Flows,Changes_In_Assets_And_Liabilities_That_Used_Provided_Cash,,,data_field,-2439 | -35 | -4354
Cash Flows,19,Inventories,Inventories,Cash_Flows.Changes_In_Assets_And_Liabilities_That_Used_Provided_Cash.Inventories,CashFlow_Statement.Inventories,Cash_Flows,Changes_In_Assets_And_Liabilities_That_Used_Provided_Cash,,,data_field,-1106 | -5283 | -6166
Cash Flows,21,Accounts payable,Accounts_Payable,Cash_Flows.Prepaid_Expenses_And_Other_Current_Assets.Accounts_Payable,CashFlow_Statement.Accounts_Payable,Cash_Flows,Prepaid_Expenses_And_Other_Current_Assets,,,data_field,387 | 291 | 582
Cash Flows,23,Income and other taxes payable,Income_And_Other_Taxes_Payable,Cash_Flows.Accrued_Expenses_And_Other_Liabilities.Income_And_Other_Taxes_Payable,CashFlow_Statement.Income_And_Other_Taxes_Payable,Cash_Flows,Accrued_Expenses_And_Other_Liabilities,,,data_field,-769 | 1180 | 6006
Cash Flows,27,"Purchases of and deposits on property, plant and equipment",Purchases_Of_And_Deposits_On_Property_Plant_And_Equipment,Cash_Flows.Cash_Flows_From_Investing_Activities.Purchases_Of_And_Deposits_On_Property_Plant_And_Equipment,CashFlow_Statement.Investing_Activities.Purchases_Of_And_Deposits_On_Property_Plant_And_Equipment,Cash_Flows,Cash_Flows_From_Investing_Activities,,,data_field,-3865 | -5189 | -5464
Cash Flows,29,"Proceeds from sales of property, plant and equipment",Proceeds_From_Sales_Of_Property_Plant_And_Equipment,Cash_Flows.Purchase_Of_Intangible_Assets.Proceeds_From_Sales_Of_Property_Plant_And_Equipment,CashFlow_Statement.Proceeds_From_Sales_Of_Property_Plant_And_Equipment,Cash_Flows,Purchase_Of_Intangible_Assets,,,data_field,0 | 20 | 103
Cash Flows,30,Purchases of short-term investments,Purchases_Of_Short_Term_Investments,Cash_Flows.Purchase_Of_Intangible_Assets.Purchases_Of_Short_Term_Investments,CashFlow_Statement.Purchases_Of_Short_Term_Investments,Cash_Flows,Purchase_Of_Intangible_Assets,,,data_field,0 | 0 | 0
Cash Flows,31,Proceeds from short-term investments,Proceeds_From_Short_Term_Investments,Cash_Flows.Purchase_Of_Intangible_Assets.Proceeds_From_Short_Term_Investments,CashFlow_Statement.Proceeds_From_Short_Term_Investments,Cash_Flows,Purchase_Of_Intangible_Assets,,,data_field,0 | 0 | 0
Cash Flows,32,"Acquisition of businesses, net of cash acquired",Acquisition_Of_Businesses_Net_Of_Cash_Acquired,Cash_Flows.Purchase_Of_Intangible_Assets.Acquisition_Of_Businesses_Net_Of_Cash_Acquired,CashFlow_Statement.Acquisition_Of_Businesses_Net_Of_Cash_Acquired,Cash_Flows,Purchase_Of_Intangible_Assets,,,data_field,0 | 0 | 0
Cash Flows,33,"Proceeds from divestiture, net of cash sold",Proceeds_From_Divestiture_Net_Of_Cash_Sold,Cash_Flows.Purchase_Of_Intangible_Assets.Proceeds_From_Divestiture_Net_Of_Cash_Sold,CashFlow_Statement.Proceeds_From_Divestiture_Net_Of_Cash_Sold,Cash_Flows,Purchase_Of_Intangible_Assets,,,data_field,
Cash Flows,34,Other,Other,Cash_Flows.Purchase_Of_Intangible_Assets.Other,CashFlow_Statement.Other,Cash_Flows,Purchase_Of_Intangible_Assets,,,data_field,1097 | -26 | 562
Cash Flows,38,Proceeds from line-of-credit facilities,Proceeds_From_Line_Of_Credit_Facilities,Cash_Flows.Cash_Flow_From_Financing_Activities.Proceeds_From_Line_Of_Credit_Facilities,CashFlow_Statement.Financing_Activities.Proceeds_From_Line_Of_Credit_Facilities,Cash_Flows,Cash_Flow_From_Financing_Activities,,,data_field,3940 | 4577 | 6971
Cash Flows,39,Payments on line-of-credit facilities,Payments_On_Line_Of_Credit_Facilities,Cash_Flows.Cash_Flow_From_Financing_Activities.Payments_On_Line_Of_Credit_Facilities,CashFlow_Statement.Financing_Activities.Payments_On_Line_Of_Credit_Facilities,Cash_Flows,Cash_Flow_From_Financing_Activities,,,data_field,-3938 | -2387 | -5484
Cash Flows,40,Cash contributed by noncontrolling interests,Cash_Contributed_By_Noncontrolling_Interests,Cash_Flows.Cash_Flow_From_Financing_Activities.Cash_Contributed_By_Noncontrolling_Interests,CashFlow_Statement.Financing_Activities.Cash_Contributed_By_Noncontrolling_Interests,Cash_Flows,Cash_Flow_From_Financing_Activities,,,data_field,0 | 0 | 0
Cash Flows,41,Proceeds on long-term borrowings,Proceeds_On_Long_Term_Borrowings,Cash_Flows.Cash_Flow_From_Financing_Activities.Proceeds_On_Long_Term_Borrowings,CashFlow_Statement.Financing_Activities.Proceeds_On_Long_Term_Borrowings,Cash_Flows,Cash_Flow_From_Financing_Activities,,,data_field,0 | 0 | 6376
Cash Flows,42,Principal payments on long-term borrowings,Principal_Payments_On_Long_Term_Borrowings,Cash_Flows.Cash_Flow_From_Financing_Activities.Principal_Payments_On_Long_Term_Borrowings,CashFlow_Statement.Financing_Activities.Principal_Payments_On_Long_Term_Borrowings,Cash_Flows,Cash_Flow_From_Financing_Activities,,,data_field,-2142 | -546 | -2540
Cash Flows,43,Exercise of employee stock options and issuances under employee stock purchase plan,Exercise_Of_Employee_Stock_Options_And_Issuances_Under_Employee_Stock_Purchase_Plan,Cash_Flows.Cash_Flow_From_Financing_Activities.Exercise_Of_Employee_Stock_Options_And_Issuances_Under_Employee_Stock_Purchase_Plan,CashFlow_Statement.Financing_Activities.Exercise_Of_Employee_Stock_Options_And_Issuances_Under_Employee_Stock_Purchase_Plan,Cash_Flows,Cash_Flow_From_Financing_Activities,,,data_field,545 | 360 | 128
Cash Flows,44,"Purchase of treasury stock, at cost",Purchase_Of_Treasury_Stock_At_Cost,Cash_Flows.Cash_Flow_From_Financing_Activities.Purchase_Of_Treasury_Stock_At_Cost,CashFlow_Statement.Financing_Activities.Purchase_Of_Treasury_Stock_At_Cost,Cash_Flows,Cash_Flow_From_Financing_Activities,,,data_field,0 | 0 | 0
Cash Flows,45,Purchase of non-controlling interests,Purchase_Of_Non_Controlling_Interests,Cash_Flows.Cash_Flow_From_Financing_Activities.Purchase_Of_Non_Controlling_Interests,CashFlow_Statement.Financing_Activities.Purchase_Of_Non_Controlling_Interests,Cash_Flows,Cash_Flow_From_Financing_Activities,,,data_field,
Cash Flows,46,"Proceeds from public offering, net of offering expenses",Proceeds_From_Public_Offering_Net_Of_Offering_Expenses,Cash_Flows.Cash_Flow_From_Financing_Activities.Proceeds_From_Public_Offering_Net_Of_Offering_Expenses,CashFlow_Statement.Financing_Activities.Proceeds_From_Public_Offering_Net_Of_Offering_Expenses,Cash_Flows,Cash_Flow_From_Financing_Activities,,,data_field,0 | 0 | 0
Cash Flows,47,Distributions to shareholders,Distributions_To_Shareholders,Cash_Flows.Cash_Flow_From_Financing_Activities.Distributions_To_Shareholders,CashFlow_Statement.Financing_Activities.Distributions_To_Shareholders,Cash_Flows,Cash_Flow_From_Financing_Activities,,,data_field,0 | 0 | 0
Cash Flows,48,Other,Other,Cash_Flows.Cash_Flow_From_Financing_Activities.Other,CashFlow_Statement.Financing_Activities.Other,Cash_Flows,Cash_Flow_From_Financing_Activities,,,data_field,0 | 0 | -150
Cash Flows,51,"Effect of changes in exchange rates on cash, cash equivalents and restricted cash",Effect_Of_Changes_In_Exchange_Rates_On_Cash_Cash_Equivalents_And_Restricted_Cash,Cash_Flows.Net_Cash_Used_In_Provided_By_Financing_Activities.Effect_Of_Changes_In_Exchange_Rates_On_Cash_Cash_Equivalents_And_Restricted_Cash,CashFlow_Statement.Financing_Activities.Effect_Of_Changes_In_Exchange_Rates_On_Cash_Cash_Equivalents_And_Restricted_Cash,Cash_Flows,Net_Cash_Used_In_Provided_By_Financing_Activities,,,data_field,61 | 106 | 6
Cash Flows,53,"Net increase (decrease) in cash, cash equivalents and restricted cash",Net_Increase_Decrease_In_Cash_Cash_Equivalents_And_Restricted_Cash,Cash_Flows.Net_Cash_Used_In_Provided_By_Financing_Activities.Net_Increase_Decrease_In_Cash_Cash_Equivalents_And_Restricted_Cash,CashFlow_Statement.Financing_Activities.Net_Increase_Decrease_In_Cash_Cash_Equivalents_And_Restricted_Cash,Cash_Flows,Net_Cash_Used_In_Provided_By_Financing_Activities,,,data_field,2492 | 429 | 75
Cash Flows,54,Cash and cash equivalents — Beginning of period,Cash_And_Cash_Equivalents_Beginning_Of_Period,Cash_Flows.Net_Cash_Used_In_Provided_By_Financing_Activities.Cash_And_Cash_Equivalents_Beginning_Of_Period,CashFlow_Statement.Financing_Activities.Cash_And_Cash_Equivalents_Beginning_Of_Period,Cash_Flows,Net_Cash_Used_In_Provided_By_Financing_Activities,,,data_field,8361 | 10853 | 11282
Cash Flows,55,"Cash, cash equivalents and restricted cash — End of period",Cash_Cash_Equivalents_And_Restricted_Cash_End_Of_Period,Cash_Flows.Net_Cash_Used_In_Provided_By_Financing_Activities.Cash_Cash_Equivalents_And_Restricted_Cash_End_Of_Period,CashFlow_Statement.Financing_Activities.Cash_Cash_Equivalents_And_Restricted_Cash_End_Of_Period,Cash_Flows,Net_Cash_Used_In_Provided_By_Financing_Activities,,,data_field,10853 | 11282 | 11357
Cash Flows,57,Cash and cash equivalents — End of period,Cash_And_Cash_Equivalents_End_Of_Period,Cash_Flows.Less_Restricted_Cash_Included_In_Other_Current_Assets_And_Other_Assets.Cash_And_Cash_Equivalents_End_Of_Period,CashFlow_Statement.Cash_And_Cash_Equivalents_End_Of_Period,Cash_Flows,Less_Restricted_Cash_Included_In_Other_Current_Assets_And_Other_Assets,,,data_field,10853 | 11282 | 11357
Cash Flows,60,Cash paid for interest,Cash_Paid_For_Interest,Cash_Flows.Less_Restricted_Cash_Included_In_Other_Current_Assets_And_Other_Assets.Supplemental_Disclosure_Of_Cash_Flow_Information.Cash_Paid_For_Interest,CashFlow_Statement.Cash_Paid_For_Interest,Cash_Flows,Less_Restricted_Cash_Included_In_Other_Current_Assets_And_Other_Assets,Supplemental_Disclosure_Of_Cash_Flow_Information,,data_field,226 | 507 | 733
Cash Flows,61,Cash paid for income taxes,Cash_Paid_For_Income_Taxes,Cash_Flows.Less_Restricted_Cash_Included_In_Other_Current_Assets_And_Other_Assets.Supplemental_Disclosure_Of_Cash_Flow_Information.Cash_Paid_For_Income_Taxes,CashFlow_Statement.Cash_Paid_For_Income_Taxes,Cash_Flows,Less_Restricted_Cash_Included_In_Other_Current_Assets_And_Other_Assets,Supplemental_Disclosure_Of_Cash_Flow_Information,,data_field,640 | 589 | 1229
Cash Flows,64,Shares Repurchased,Shares_Repurchased,Cash_Flows.Less_Restricted_Cash_Included_In_Other_Current_Assets_And_Other_Assets.Share_Repurchase_Program.Shares_Repurchased,CashFlow_Statement.Shares_Repurchased,Cash_Flows,Less_Restricted_Cash_Included_In_Other_Current_Assets_And_Other_Assets,Share_Repurchase_Program,,data_field,
Cash Flows,65,Weighted Average Price,Weighted_Average_Price,Cash_Flows.Less_Restricted_Cash_Included_In_Other_Current_Assets_And_Other_Assets.Share_Repurchase_Program.Weighted_Average_Price,CashFlow_Statement.Weighted_Average_Price,Cash_Flows,Less_Restricted_Cash_Included_In_Other_Current_Assets_And_Other_Assets,Share_Repurchase_Program,,data_field,
Cash Flows,66,"Purchase of treasury stock, at cost",Purchase_Of_Treasury_Stock_At_Cost,Cash_Flows.Less_Restricted_Cash_Included_In_Other_Current_Assets_And_Other_Assets.Share_Repurchase_Program.Purchase_Of_Treasury_Stock_At_Cost,CashFlow_Statement.Purchase_Of_Treasury_Stock_At_Cost,Cash_Flows,Less_Restricted_Cash_Included_In_Other_Current_Assets_And_Other_Assets,Share_Repurchase_Program,,data_field,
Cash Flows,67,Dollar Value of Shares that May Yet Be Purchased,Dollar_Value_Of_Shares_That_May_Yet_Be_Purchased,Cash_Flows.Less_Restricted_Cash_Included_In_Other_Current_Assets_And_Other_Assets.Share_Repurchase_Program.Dollar_Value_Of_Shares_That_May_Yet_Be_Purchased,CashFlow_Statement.Dollar_Value_Of_Shares_That_May_Yet_Be_Purchased,Cash_Flows,Less_Restricted_Cash_Included_In_Other_Current_Assets_And_Other_Assets,Share_Repurchase_Program,,data_field,
Key Metrics,6,North America,North_America,Key_Metrics.Revenue_By_Region.North_America,Revenue_Statement.Geographic_Breakdown.North_America,Key_Metrics,Revenue_By_Region,,,data_field,45519
Key Metrics,7,Germany,Germany,Key_Metrics.Revenue_By_Region.Germany,Revenue_Statement.Geographic_Breakdown.Germany,Key_Metrics,Revenue_By_Region,,,data_field,24454
Key Metrics,8,Other Europe,Other_Europe,Key_Metrics.Revenue_By_Region.Other_Europe,Revenue_Statement.Geographic_Breakdown.Other_Europe,Key_Metrics,Revenue_By_Region,,,data_field,24037
Key Metrics,9,China,China,Key_Metrics.Revenue_By_Region.China,Revenue_Statement.Geographic_Breakdown.China,Key_Metrics,Revenue_By_Region,,,data_field,
Key Metrics,10,Japan,Japan,Key_Metrics.Revenue_By_Region.Japan,Revenue_Statement.Geographic_Breakdown.Japan,Key_Metrics,Revenue_By_Region,,,data_field,35585
Key Metrics,11,Other Asia,Other_Asia,Key_Metrics.Revenue_By_Region.Other_Asia,Revenue_Statement.Geographic_Breakdown.Other_Asia,Key_Metrics,Revenue_By_Region,,,data_field,13184
Key Metrics,12,Rest of World,Rest_Of_World,Key_Metrics.Revenue_By_Region.Rest_Of_World,Revenue_Statement.Geographic_Breakdown.Rest_Of_World,Key_Metrics,Revenue_By_Region,,,data_field,446
Key Metrics,16,North America,North_America,Key_Metrics.Revenue_By_Region_Of_Total.North_America,Revenue_Statement.Geographic_Breakdown.North_America,Key_Metrics,Revenue_By_Region_Of_Total,,,data_field,0.31781462733461335
Key Metrics,17,Germany,Germany,Key_Metrics.Revenue_By_Region_Of_Total.Germany,Revenue_Statement.Geographic_Breakdown.Germany,Key_Metrics,Revenue_By_Region_Of_Total,,,data_field,0.1707383487519637
Key Metrics,18,Other Europe,Other_Europe,Key_Metrics.Revenue_By_Region_Of_Total.Other_Europe,Revenue_Statement.Geographic_Breakdown.Other_Europe,Key_Metrics,Revenue_By_Region_Of_Total,,,data_field,0.1678268458718799
Key Metrics,19,China,China,Key_Metrics.Revenue_By_Region_Of_Total.China,Revenue_Statement.Geographic_Breakdown.China,Key_Metrics,Revenue_By_Region_Of_Total,,,data_field,
Key Metrics,20,Japan,Japan,Key_Metrics.Revenue_By_Region_Of_Total.Japan,Revenue_Statement.Geographic_Breakdown.Japan,Key_Metrics,Revenue_By_Region_Of_Total,,,data_field,0.24845522778844475
Key Metrics,21,Other Asia,Other_Asia,Key_Metrics.Revenue_By_Region_Of_Total.Other_Asia,Revenue_Statement.Geographic_Breakdown.Other_Asia,Key_Metrics,Revenue_By_Region_Of_Total,,,data_field,0.09205096875545471
Key Metrics,22,Rest of World,Rest_Of_World,Key_Metrics.Revenue_By_Region_Of_Total.Rest_Of_World,Revenue_Statement.Geographic_Breakdown.Rest_Of_World,Key_Metrics,Revenue_By_Region_Of_Total,,,data_field,0.003113981497643568
Key Metrics,26,Materials processing,Materials_Processing,Key_Metrics.Revenue_By_Application.Materials_Processing,Revenue_Statement.Product_Breakdown.Materials_Processing,Key_Metrics,Revenue_By_Application,,,data_field,97600
Key Metrics,27,Other applications,Other_Applications,Key_Metrics.Revenue_By_Application.Other_Applications,Revenue_Statement.Product_Breakdown.Other_Applications,Key_Metrics,Revenue_By_Application,,,data_field,45625
Key Metrics,28,Advanced applications,Advanced_Applications,Key_Metrics.Revenue_By_Application.Advanced_Applications,Revenue_Statement.Product_Breakdown.Advanced_Applications,Key_Metrics,Revenue_By_Application,,,data_field,19224
Key Metrics,29,Communications,Communications,Key_Metrics.Revenue_By_Application.Communications,Revenue_Statement.Product_Breakdown.Communications,Key_Metrics,Revenue_By_Application,,,data_field,15222
Key Metrics,30,Medical,Medical,Key_Metrics.Revenue_By_Application.Medical,Revenue_Statement.Product_Breakdown.Medical,Key_Metrics,Revenue_By_Application,,,data_field,11179
Key Metrics,34,Materials processing,Materials_Processing,Key_Metrics.Revenue_By_Application_Of_Total.Materials_Processing,Revenue_Statement.Product_Breakdown.Materials_Processing,Key_Metrics,Revenue_By_Application_Of_Total,,,data_field,0.6814452784080991
Key Metrics,35,Cutting,Cutting,Key_Metrics.Revenue_By_Application_Of_Total.Cutting,Key_Metrics.Revenue_By_Application_Of_Total.Cutting,Key_Metrics,Revenue_By_Application_Of_Total,,,data_field,
Key Metrics,36,Welding and brazing,Welding_And_Brazing,Key_Metrics.Revenue_By_Application_Of_Total.Welding_And_Brazing,Key_Metrics.Revenue_By_Application_Of_Total.Welding_And_Brazing,Key_Metrics,Revenue_By_Application_Of_Total,,,data_field,
Key Metrics,37,Marking and engraving,Marking_And_Engraving,Key_Metrics.Revenue_By_Application_Of_Total.Marking_And_Engraving,Key_Metrics.Revenue_By_Application_Of_Total.Marking_And_Engraving,Key_Metrics,Revenue_By_Application_Of_Total,,,data_field,
Key Metrics,38,Other materials processing,Other_Materials_Processing,Key_Metrics.Revenue_By_Application_Of_Total.Other_Materials_Processing,Revenue_Statement.Product_Breakdown.Materials_Processing,Key_Metrics,Revenue_By_Application_Of_Total,,,data_field,
Key Metrics,39,Other applications,Other_Applications,Key_Metrics.Revenue_By_Application_Of_Total.Other_Applications,Revenue_Statement.Product_Breakdown.Other_Applications,Key_Metrics,Revenue_By_Application_Of_Total,,,data_field,0.31855472159190085
Key Metrics,40,Advanced applications,Advanced_Applications,Key_Metrics.Revenue_By_Application_Of_Total.Advanced_Applications,Revenue_Statement.Product_Breakdown.Advanced_Applications,Key_Metrics,Revenue_By_Application_Of_Total,,,data_field,0.134222377378251
Key Metrics,41,Communications,Communications,Key_Metrics.Revenue_By_Application_Of_Total.Communications,Revenue_Statement.Product_Breakdown.Communications,Key_Metrics,Revenue_By_Application_Of_Total,,,data_field,0.10628032815500087
Key Metrics,42,Medical,Medical,Key_Metrics.Revenue_By_Application_Of_Total.Medical,Revenue_Statement.Product_Breakdown.Medical,Key_Metrics,Revenue_By_Application_Of_Total,,,data_field,0.07805201605864898
Key Metrics,46,High-power CW lasers (1 Kilowatt or Greater),High_Power_Cw_Lasers_1_Kilowatt_Or_Greater,Key_Metrics.Revenue_By_Product.High_Power_Cw_Lasers_1_Kilowatt_Or_Greater,Revenue_Statement.Product_Breakdown.High_Power_CW_Lasers,Key_Metrics,Revenue_By_Product,,,data_field,
Key Metrics,47,Medium-power CW lasers (Less Than 1 Kilowatt),Medium_Power_Cw_Lasers_Less_Than_1_Kilowatt,Key_Metrics.Revenue_By_Product.Medium_Power_Cw_Lasers_Less_Than_1_Kilowatt,Key_Metrics.Revenue_By_Product.Medium_Power_Cw_Lasers_Less_Than_1_Kilowatt,Key_Metrics,Revenue_By_Product,,,data_field,
Key Metrics,48,Pulsed lasers,Pulsed_Lasers,Key_Metrics.Revenue_By_Product.Pulsed_Lasers,Revenue_Statement.Product_Breakdown.Pulsed_Lasers,Key_Metrics,Revenue_By_Product,,,data_field,
Key Metrics,49,QCW lasers,Qcw_Lasers,Key_Metrics.Revenue_By_Product.Qcw_Lasers,Revenue_Statement.Product_Breakdown.QCW_Lasers,Key_Metrics,Revenue_By_Product,,,data_field,
Key Metrics,50,Laser and Non-Laser Systems,Laser_And_Non_Laser_Systems,Key_Metrics.Revenue_By_Product.Laser_And_Non_Laser_Systems,Revenue_Statement.Product_Breakdown.Systems,Key_Metrics,Revenue_By_Product,,,data_field,
Key Metrics,51,"Other revenue (amplifiers, service, parts, accessories and change in deferred)",Other_Revenue_Amplifiers_Service_Parts_Accessories_And_Change_In_Deferred,Key_Metrics.Revenue_By_Product.Other_Revenue_Amplifiers_Service_Parts_Accessories_And_Change_In_Deferred,Key_Metrics.Revenue_By_Product.Other_Revenue_Amplifiers_Service_Parts_Accessories_And_Change_In_Deferred,Key_Metrics,Revenue_By_Product,,,data_field,
Key Metrics,55,High-power CW lasers (1 Kilowatt or Greater),High_Power_Cw_Lasers_1_Kilowatt_Or_Greater,Key_Metrics.Revenue_By_Product.High_Power_Cw_Lasers_1_Kilowatt_Or_Greater,Revenue_Statement.Product_Breakdown.High_Power_CW_Lasers,Key_Metrics,Revenue_By_Product,,,data_field,
Key Metrics,56,Medium-power CW lasers (Less Than 1 Kilowatt),Medium_Power_Cw_Lasers_Less_Than_1_Kilowatt,Key_Metrics.Revenue_By_Product.Medium_Power_Cw_Lasers_Less_Than_1_Kilowatt,Key_Metrics.Revenue_By_Product.Medium_Power_Cw_Lasers_Less_Than_1_Kilowatt,Key_Metrics,Revenue_By_Product,,,data_field,
Key Metrics,57,Pulsed lasers,Pulsed_Lasers,Key_Metrics.Revenue_By_Product.Pulsed_Lasers,Revenue_Statement.Product_Breakdown.Pulsed_Lasers,Key_Metrics,Revenue_By_Product,,,data_field,
Key Metrics,58,QCW lasers,Qcw_Lasers,Key_Metrics.Revenue_By_Product.Qcw_Lasers,Revenue_Statement.Product_Breakdown.QCW_Lasers,Key_Metrics,Revenue_By_Product,,,data_field,
Key Metrics,59,Laser and Non-Laser Systems,Laser_And_Non_Laser_Systems,Key_Metrics.Revenue_By_Product.Laser_And_Non_Laser_Systems,Revenue_Statement.Product_Breakdown.Systems,Key_Metrics,Revenue_By_Product,,,data_field,
Key Metrics,60,"Other revenue (amplifiers, service, parts, accessories and change in deferred)",Other_Revenue_Amplifiers_Service_Parts_Accessories_And_Change_In_Deferred,Key_Metrics.Revenue_By_Product.Other_Revenue_Amplifiers_Service_Parts_Accessories_And_Change_In_Deferred,Key_Metrics.Revenue_By_Product.Other_Revenue_Amplifiers_Service_Parts_Accessories_And_Change_In_Deferred,Key_Metrics,Revenue_By_Product,,,data_field,
Key Metrics,64,Orders with firm shipment dates,Orders_With_Firm_Shipment_Dates,Key_Metrics.Revenue_By_Product.Total_Backlog_Of_Orders.Orders_With_Firm_Shipment_Dates,Key_Metrics.Revenue_By_Product.Total_Backlog_Of_Orders.Orders_With_Firm_Shipment_Dates,Key_Metrics,Revenue_By_Product,,Total_Backlog_Of_Orders,data_field,
Key Metrics,65,Frame agreements,Frame_Agreements,Key_Metrics.Revenue_By_Product.Total_Backlog_Of_Orders.Frame_Agreements,Key_Metrics.Revenue_By_Product.Total_Backlog_Of_Orders.Frame_Agreements,Key_Metrics,Revenue_By_Product,,Total_Backlog_Of_Orders,data_field,
Key Metrics,68,% revenue from five largest customers (quarter data is cumulative),Revenue_From_Five_Largest_Customers_Quarter_Data_Is_Cumulative,Key_Metrics.Revenue_By_Product.Total_Backlog_Of_Orders.Revenue_From_Five_Largest_Customers_Quarter_Data_Is_Cumulative,Key_Metrics.Revenue_By_Product.Total_Backlog_Of_Orders.Revenue_From_Five_Largest_Customers_Quarter_Data_Is_Cumulative,Key_Metrics,Revenue_By_Product,,Total_Backlog_Of_Orders,data_field,0.29
Key Metrics,70,Foreign exchange impact on results (1),Foreign_Exchange_Impact_On_Results_1,Key_Metrics.Revenue_By_Product.Total_Backlog_Of_Orders.Foreign_Exchange_Impact_On_Results_1,Key_Metrics.Revenue_By_Product.Total_Backlog_Of_Orders.Foreign_Exchange_Impact_On_Results_1,Key_Metrics,Revenue_By_Product,,Total_Backlog_Of_Orders,data_field,
Key Metrics,71,Revenue,Revenue,Key_Metrics.Revenue_By_Product.Total_Backlog_Of_Orders.Revenue,Key_Metrics.Revenue_By_Product.Total_Backlog_Of_Orders.Revenue,Key_Metrics,Revenue_By_Product,,Total_Backlog_Of_Orders,data_field,
Key Metrics,72,Gross profit,Gross_Profit,Key_Metrics.Revenue_By_Product.Total_Backlog_Of_Orders.Gross_Profit,Key_Metrics.Revenue_By_Product.Total_Backlog_Of_Orders.Gross_Profit,Key_Metrics,Revenue_By_Product,,Total_Backlog_Of_Orders,data_field,
Key Metrics,73,Operating expenses,Operating_Expenses,Key_Metrics.Revenue_By_Product.Total_Backlog_Of_Orders.Operating_Expenses,Key_Metrics.Revenue_By_Product.Total_Backlog_Of_Orders.Operating_Expenses,Key_Metrics,Revenue_By_Product,,Total_Backlog_Of_Orders,data_field,
Key Metrics,75,Constant currency results (1),Constant_Currency_Results_1,Key_Metrics.Revenue_By_Product.Total_Backlog_Of_Orders.Constant_Currency_Results_1,Key_Metrics.Revenue_By_Product.Total_Backlog_Of_Orders.Constant_Currency_Results_1,Key_Metrics,Revenue_By_Product,,Total_Backlog_Of_Orders,data_field,
Key Metrics,76,Revenue,Revenue,Key_Metrics.Revenue_By_Product.Total_Backlog_Of_Orders.Revenue,Key_Metrics.Revenue_By_Product.Total_Backlog_Of_Orders.Revenue,Key_Metrics,Revenue_By_Product,,Total_Backlog_Of_Orders,data_field,
Key Metrics,77,Revenue growth (year over year),Revenue_Growth_Year_Over_Year,Key_Metrics.Revenue_By_Product.Total_Backlog_Of_Orders.Revenue_Growth_Year_Over_Year,Key_Metrics.Revenue_By_Product.Total_Backlog_Of_Orders.Revenue_Growth_Year_Over_Year,Key_Metrics,Revenue_By_Product,,Total_Backlog_Of_Orders,data_field,
Key Metrics,78,Gross profit,Gross_Profit,Key_Metrics.Revenue_By_Product.Total_Backlog_Of_Orders.Gross_Profit,Key_Metrics.Revenue_By_Product.Total_Backlog_Of_Orders.Gross_Profit,Key_Metrics,Revenue_By_Product,,Total_Backlog_Of_Orders,data_field,
Key Metrics,79,Gross margin,Gross_Margin,Key_Metrics.Revenue_By_Product.Total_Backlog_Of_Orders.Gross_Margin,Key_Metrics.Revenue_By_Product.Total_Backlog_Of_Orders.Gross_Margin,Key_Metrics,Revenue_By_Product,,Total_Backlog_Of_Orders,data_field,
Key Metrics,80,Operating profit,Operating_Profit,Key_Metrics.Revenue_By_Product.Total_Backlog_Of_Orders.Operating_Profit,Key_Metrics.Revenue_By_Product.Total_Backlog_Of_Orders.Operating_Profit,Key_Metrics,Revenue_By_Product,,Total_Backlog_Of_Orders,data_field,
Key Metrics,81,Operating margin,Operating_Margin,Key_Metrics.Revenue_By_Product.Total_Backlog_Of_Orders.Operating_Margin,Key_Metrics.Revenue_By_Product.Total_Backlog_Of_Orders.Operating_Margin,Key_Metrics,Revenue_By_Product,,Total_Backlog_Of_Orders,data_field,
Key Metrics,84,United States,United_States,Key_Metrics.Long_Lived_Assets_By_Region.United_States,Revenue_Statement.Geographic_Breakdown.United_States,Key_Metrics,Long_Lived_Assets_By_Region,,,data_field,32798
Key Metrics,85,Germany,Germany,Key_Metrics.Long_Lived_Assets_By_Region.Germany,Revenue_Statement.Geographic_Breakdown.Germany,Key_Metrics,Long_Lived_Assets_By_Region,,,data_field,30108
Key Metrics,86,Other,Other,Key_Metrics.Long_Lived_Assets_By_Region.Other,Key_Metrics.Long_Lived_Assets_By_Region.Other,Key_Metrics,Long_Lived_Assets_By_Region,,,data_field,4247
Key Metrics,90,United States,United_States,Key_Metrics.Long_Lived_Assets_By_Region_Of_Total.United_States,Revenue_Statement.Geographic_Breakdown.United_States,Key_Metrics,Long_Lived_Assets_By_Region_Of_Total,,,data_field,0.4884070704212768
Key Metrics,91,Germany,Germany,Key_Metrics.Long_Lived_Assets_By_Region_Of_Total.Germany,Revenue_Statement.Geographic_Breakdown.Germany,Key_Metrics,Long_Lived_Assets_By_Region_Of_Total,,,data_field,0.4483492919154766
Key Metrics,92,Other,Other,Key_Metrics.Long_Lived_Assets_By_Region_Of_Total.Other,Key_Metrics.Long_Lived_Assets_By_Region_Of_Total.Other,Key_Metrics,Long_Lived_Assets_By_Region_Of_Total,,,data_field,0.06324363766324662
Key Metrics,95,Employees by function,Employees_By_Function,Key_Metrics.Total_Long_Lived_Assets_By_Region.Employees_By_Function,Key_Metrics.Total_Long_Lived_Assets_By_Region.Employees_By_Function,Key_Metrics,Total_Long_Lived_Assets_By_Region,,,data_field,
Key Metrics,96,Research and development,Research_And_Development,Key_Metrics.Total_Long_Lived_Assets_By_Region.Research_And_Development,Key_Metrics.Total_Long_Lived_Assets_By_Region.Research_And_Development,Key_Metrics,Total_Long_Lived_Assets_By_Region,,,data_field,46
Key Metrics,97,Manufacturing operations,Manufacturing_Operations,Key_Metrics.Total_Long_Lived_Assets_By_Region.Manufacturing_Operations,Key_Metrics.Total_Long_Lived_Assets_By_Region.Manufacturing_Operations,Key_Metrics,Total_Long_Lived_Assets_By_Region,,,data_field,886
Key Metrics,98,"Sales, service and marketing",Sales_Service_And_Marketing,Key_Metrics.Total_Long_Lived_Assets_By_Region.Sales_Service_And_Marketing,Key_Metrics.Total_Long_Lived_Assets_By_Region.Sales_Service_And_Marketing,Key_Metrics,Total_Long_Lived_Assets_By_Region,,,data_field,35
Key Metrics,99,General and administrative,General_And_Administrative,Key_Metrics.Total_Long_Lived_Assets_By_Region.General_And_Administrative,Key_Metrics.Total_Long_Lived_Assets_By_Region.General_And_Administrative,Key_Metrics,Total_Long_Lived_Assets_By_Region,,,data_field,80
Key Metrics,103,United States,United_States,Key_Metrics.Employees_By_Region.United_States,Revenue_Statement.Geographic_Breakdown.United_States,Key_Metrics,Employees_By_Region,,,data_field,303
Key Metrics,104,Germany,Germany,Key_Metrics.Employees_By_Region.Germany,Revenue_Statement.Geographic_Breakdown.Germany,Key_Metrics,Employees_By_Region,,,data_field,384
Key Metrics,105,Other,Other,Key_Metrics.Employees_By_Region.Other,Key_Metrics.Employees_By_Region.Other,Key_Metrics,Employees_By_Region,,,data_field,360
Key Metrics,109,Devices shipped,Devices_Shipped,Key_Metrics.Employees_By_Region.Total_Devices_And_Customers.Devices_Shipped,Key_Metrics.Employees_By_Region.Total_Devices_And_Customers.Devices_Shipped,Key_Metrics,Employees_By_Region,,Total_Devices_And_Customers,data_field,
