Dest_Row_Number,Dest_Field_Name,Dest_Enhanced_Scope,Dest_Major_Section,Dest_Section,Dest_Q1_2024_Value,Dest_Needs_Population,Source_File,Source_Sheet,Source_Row_Number,Source_Field_Name,Source_Q1_2024_Value,Source_Q2_2024_Value,Similarity_Score,Match_Quality,Can_Populate
11,Region breakdown,Destination.Segment_Information_In_000_Usd_Ytd.Region_Breakdown,Segment_Information_In_000_Usd_Ytd,,,Yes,,,,,,,0.000,No Match,No
12,United States and other North America,Destination.Segment_Information_In_000_Usd_Ytd.United_States_And_Other_North_America,Segment_Information_In_000_Usd_Ytd,,63964,No,IPGP-Financial-Data-Workbook-2024-Q2.xlsx,Key Metrics,6,North America,63964,76905,0.820,Good,Yes
13,Germany,Destination.Segment_Information_In_000_Usd_Ytd.Germany,Segment_Information_In_000_Usd_Ytd,,20019,No,IPGP-Financial-Data-Workbook-2024-Q2.xlsx,Key Metrics,7,Germany,20019,20809,1.000,Excellent,Yes
14,Other including Eastern Europe/CIS,Destination.Segment_Information_In_000_Usd_Ytd.Other_Including_Eastern_Europecis,Segment_Information_In_000_Usd_Ytd,,59497,No,IPGP-Financial-Data-Workbook-2024-Q2.xlsx,Key Metrics,8,Other Europe,59497,53722,0.822,Good,Yes
15,China,Destination.Segment_Information_In_000_Usd_Ytd.China,Segment_Information_In_000_Usd_Ytd,,62730,No,IPGP-Financial-Data-Workbook-2024-Q2.xlsx,Key Metrics,9,China,62730,64875,1.000,Excellent,Yes
16,Japan,Destination.Segment_Information_In_000_Usd_Ytd.Japan,Segment_Information_In_000_Usd_Ytd,,16698,No,IPGP-Financial-Data-Workbook-2024-Q2.xlsx,Key Metrics,10,Japan,16698,10215,1.000,Excellent,Yes
17,Other Asian countries,Destination.Segment_Information_In_000_Usd_Ytd.Other_Asian_Countries,Segment_Information_In_000_Usd_Ytd,,24978,No,IPGP-Financial-Data-Workbook-2024-Q2.xlsx,Key Metrics,11,Other Asia,24978,27643,0.945,Excellent,Yes
18,Rest of World,Destination.Segment_Information_In_000_Usd_Ytd.Rest_Of_World,Segment_Information_In_000_Usd_Ytd,,4123,No,IPGP-Financial-Data-Workbook-2024-Q2.xlsx,Key Metrics,12,Rest of World,4123,3476,1.000,Excellent,Yes
19,Total,Destination.Segment_Information_In_000_Usd_Ytd.Total,Segment_Information_In_000_Usd_Ytd,,252009,No,IPGP-Financial-Data-Workbook-2024-Q2.xlsx,Income Statement,55,TOTAL,,,1.000,Excellent,Yes
22,Materials Processing,Destination.Segment_Information_In_000_Usd_Ytd.End_Market_Breakdown.Materials_Processing,Segment_Information_In_000_Usd_Ytd,End_Market_Breakdown,226365,No,IPGP-Financial-Data-Workbook-2024-Q2.xlsx,Key Metrics,26,Materials processing,226365,225773,1.000,Excellent,Yes
24,Advanced Applications,Destination.Segment_Information_In_000_Usd_Ytd.End_Market_Breakdown.Other_Application_Of_Which.Advanced_Applications,Segment_Information_In_000_Usd_Ytd,End_Market_Breakdown,,No,IPGP-Financial-Data-Workbook-2024-Q2.xlsx,Key Metrics,28,Advanced applications,,,1.000,Excellent,Yes
25,Communications,Destination.Segment_Information_In_000_Usd_Ytd.End_Market_Breakdown.Other_Application_Of_Which.Communications,Segment_Information_In_000_Usd_Ytd,End_Market_Breakdown,,No,IPGP-Financial-Data-Workbook-2024-Q2.xlsx,Key Metrics,29,Communications,,,1.000,Excellent,Yes
26,Medical,Destination.Segment_Information_In_000_Usd_Ytd.End_Market_Breakdown.Other_Application_Of_Which.Medical,Segment_Information_In_000_Usd_Ytd,End_Market_Breakdown,,No,IPGP-Financial-Data-Workbook-2024-Q2.xlsx,Key Metrics,30,Medical,,,1.000,Excellent,Yes
27,Total,Destination.Segment_Information_In_000_Usd_Ytd.End_Market_Breakdown.Other_Application_Of_Which.Total,Segment_Information_In_000_Usd_Ytd,End_Market_Breakdown,252009,No,IPGP-Financial-Data-Workbook-2024-Q2.xlsx,Income Statement,55,TOTAL,,,1.000,Excellent,Yes
30,High-power CW lasers (1 Kilowatt or Greater),Destination.Segment_Information_In_000_Usd_Ytd.Segment_Breakdown.High_Power_Cw_Lasers_1_Kilowatt_Or_Greater,Segment_Information_In_000_Usd_Ytd,Segment_Breakdown,90793,No,IPGP-Financial-Data-Workbook-2024-Q2.xlsx,Key Metrics,46,High-power CW lasers (1 Kilowatt or Greater),90793,82225,1.000,Excellent,Yes
31,Medium-power CW lasers (Less Than 1 Kilowatt),Destination.Segment_Information_In_000_Usd_Ytd.Segment_Breakdown.Medium_Power_Cw_Lasers_Less_Than_1_Kilowatt,Segment_Information_In_000_Usd_Ytd,Segment_Breakdown,16214,No,IPGP-Financial-Data-Workbook-2024-Q2.xlsx,Key Metrics,47,Medium-power CW lasers (Less Than 1 Kilowatt),16214,15758,1.000,Excellent,Yes
32,Pulsed lasers,Destination.Segment_Information_In_000_Usd_Ytd.Segment_Breakdown.Pulsed_Lasers,Segment_Information_In_000_Usd_Ytd,Segment_Breakdown,34819,No,IPGP-Financial-Data-Workbook-2024-Q2.xlsx,Key Metrics,48,Pulsed lasers,34819,42536,1.000,Excellent,Yes
33,QCW lasers,Destination.Segment_Information_In_000_Usd_Ytd.Segment_Breakdown.Qcw_Lasers,Segment_Information_In_000_Usd_Ytd,Segment_Breakdown,15791,No,IPGP-Financial-Data-Workbook-2024-Q2.xlsx,Key Metrics,49,QCW lasers,15791,10549,1.000,Excellent,Yes
34,Systems,Destination.Segment_Information_In_000_Usd_Ytd.Segment_Breakdown.Systems,Segment_Information_In_000_Usd_Ytd,Segment_Breakdown,37503,No,,,,,,,0.000,No Match,No
35,"Other revenue (amplifiers, service, parts, accessories and change in deferred)",Destination.Segment_Information_In_000_Usd_Ytd.Segment_Breakdown.Other_Revenue_Amplifiers_Service_Parts_Accessories_And_Change_In_Deferred,Segment_Information_In_000_Usd_Ytd,Segment_Breakdown,56889,No,IPGP-Financial-Data-Workbook-2024-Q2.xlsx,Key Metrics,51,"Other revenue (amplifiers, service, parts, accessories and change in deferred)",56889,67909,1.000,Excellent,Yes
36,Total,Destination.Segment_Information_In_000_Usd_Ytd.Segment_Breakdown.Total,Segment_Information_In_000_Usd_Ytd,Segment_Breakdown,252009,No,IPGP-Financial-Data-Workbook-2024-Q2.xlsx,Income Statement,55,TOTAL,,,1.000,Excellent,Yes
39,Check,Destination.Segment_Information_In_000_Usd_Ytd.Segment_Breakdown.Check,Segment_Information_In_000_Usd_Ytd,Segment_Breakdown,0,No,,,,,,,0.000,No Match,No
40,Check,Destination.Segment_Information_In_000_Usd_Ytd.Segment_Breakdown.Check,Segment_Information_In_000_Usd_Ytd,Segment_Breakdown,0,No,,,,,,,0.000,No Match,No
41,Check,Destination.Segment_Information_In_000_Usd_Ytd.Segment_Breakdown.Check,Segment_Information_In_000_Usd_Ytd,Segment_Breakdown,0,No,,,,,,,0.000,No Match,No
42,Check,Destination.Segment_Information_In_000_Usd_Ytd.Segment_Breakdown.Check,Segment_Information_In_000_Usd_Ytd,Segment_Breakdown,0,No,,,,,,,0.000,No Match,No
47,Region mix (%),Destination.Segment_Information.Region_Mix,Segment_Information,,,Yes,,,,,,,0.000,No Match,No
48,United States and other North America,Destination.Segment_Information.United_States_And_Other_North_America,Segment_Information,,0.25381633195639836,No,IPGP-Financial-Data-Workbook-2024-Q2.xlsx,Key Metrics,6,North America,63964,76905,0.820,Good,Yes
49,Germany,Destination.Segment_Information.Germany,Segment_Information,,0.07943763913193576,No,IPGP-Financial-Data-Workbook-2024-Q2.xlsx,Key Metrics,7,Germany,20019,20809,1.000,Excellent,Yes
50,Other including Eastern Europe/CIS,Destination.Segment_Information.Other_Including_Eastern_Europecis,Segment_Information,,0.23609077453583008,No,IPGP-Financial-Data-Workbook-2024-Q2.xlsx,Key Metrics,8,Other Europe,59497,53722,0.822,Good,Yes
51,China,Destination.Segment_Information.China,Segment_Information,,0.24891968143994858,No,IPGP-Financial-Data-Workbook-2024-Q2.xlsx,Key Metrics,9,China,62730,64875,1.000,Excellent,Yes
52,Japan,Destination.Segment_Information.Japan,Segment_Information,,0.06625953834982085,No,IPGP-Financial-Data-Workbook-2024-Q2.xlsx,Key Metrics,10,Japan,16698,10215,1.000,Excellent,Yes
53,Other Asian countries,Destination.Segment_Information.Other_Asian_Countries,Segment_Information,,0.09911550777948407,No,IPGP-Financial-Data-Workbook-2024-Q2.xlsx,Key Metrics,11,Other Asia,24978,27643,0.945,Excellent,Yes
54,Rest of World,Destination.Segment_Information.Rest_Of_World,Segment_Information,,0.016360526806582305,No,IPGP-Financial-Data-Workbook-2024-Q2.xlsx,Key Metrics,12,Rest of World,4123,3476,1.000,Excellent,Yes
55,Total,Destination.Segment_Information.Total,Segment_Information,,1,No,IPGP-Financial-Data-Workbook-2024-Q2.xlsx,Income Statement,55,TOTAL,,,1.000,Excellent,Yes
57,End market mix (%),Destination.Segment_Information.End_Market_Mix,Segment_Information,,,Yes,,,,,,,0.000,No Match,No
58,Materials Processing,Destination.Segment_Information.Materials_Processing,Segment_Information,,0.8982417294620431,No,IPGP-Financial-Data-Workbook-2024-Q2.xlsx,Key Metrics,26,Materials processing,226365,225773,1.000,Excellent,Yes
60,Advanced Applications,Destination.Segment_Information.Other_Application_Of_Which.Advanced_Applications,Segment_Information,,,No,IPGP-Financial-Data-Workbook-2024-Q2.xlsx,Key Metrics,28,Advanced applications,,,1.000,Excellent,Yes
61,Communications,Destination.Segment_Information.Other_Application_Of_Which.Communications,Segment_Information,,,No,IPGP-Financial-Data-Workbook-2024-Q2.xlsx,Key Metrics,29,Communications,,,1.000,Excellent,Yes
62,Medical,Destination.Segment_Information.Other_Application_Of_Which.Medical,Segment_Information,,,No,IPGP-Financial-Data-Workbook-2024-Q2.xlsx,Key Metrics,30,Medical,,,1.000,Excellent,Yes
63,Total,Destination.Segment_Information.Other_Application_Of_Which.Total,Segment_Information,,1,No,IPGP-Financial-Data-Workbook-2024-Q2.xlsx,Income Statement,55,TOTAL,,,1.000,Excellent,Yes
65,Segment mix (%),Destination.Segment_Information.Other_Application_Of_Which.Segment_Mix,Segment_Information,,,Yes,,,,,,,0.000,No Match,No
66,High-power CW lasers (1 Kilowatt or Greater),Destination.Segment_Information.Other_Application_Of_Which.High_Power_Cw_Lasers_1_Kilowatt_Or_Greater,Segment_Information,,0.3602768155105572,No,IPGP-Financial-Data-Workbook-2024-Q2.xlsx,Key Metrics,46,High-power CW lasers (1 Kilowatt or Greater),90793,82225,1.000,Excellent,Yes
67,Medium-power CW lasers (Less Than 1 Kilowatt),Destination.Segment_Information.Other_Application_Of_Which.Medium_Power_Cw_Lasers_Less_Than_1_Kilowatt,Segment_Information,,0.06433897202084053,No,IPGP-Financial-Data-Workbook-2024-Q2.xlsx,Key Metrics,47,Medium-power CW lasers (Less Than 1 Kilowatt),16214,15758,1.000,Excellent,Yes
68,Pulsed lasers,Destination.Segment_Information.Other_Application_Of_Which.Pulsed_Lasers,Segment_Information,,0.1381657004313338,No,IPGP-Financial-Data-Workbook-2024-Q2.xlsx,Key Metrics,48,Pulsed lasers,34819,42536,1.000,Excellent,Yes
69,QCW lasers,Destination.Segment_Information.Other_Application_Of_Which.Qcw_Lasers,Segment_Information,,0.06266046053910773,No,IPGP-Financial-Data-Workbook-2024-Q2.xlsx,Key Metrics,49,QCW lasers,15791,10549,1.000,Excellent,Yes
70,Systems,Destination.Segment_Information.Other_Application_Of_Which.Systems,Segment_Information,,0.14881611371022463,No,,,,,,,0.000,No Match,No
71,"Other revenue (amplifiers, service, parts, accessories and change in deferred)",Destination.Segment_Information.Other_Application_Of_Which.Other_Revenue_Amplifiers_Service_Parts_Accessories_And_Change_In_Deferred,Segment_Information,,0.22574193778793614,No,IPGP-Financial-Data-Workbook-2024-Q2.xlsx,Key Metrics,51,"Other revenue (amplifiers, service, parts, accessories and change in deferred)",56889,67909,1.000,Excellent,Yes
72,Total,Destination.Segment_Information.Other_Application_Of_Which.Total,Segment_Information,,1,No,IPGP-Financial-Data-Workbook-2024-Q2.xlsx,Income Statement,55,TOTAL,,,1.000,Excellent,Yes
79,Net Sales,Destination.Consolidated_Income_Statement_In_000_Usd_Ytd.Net_Sales,Consolidated_Income_Statement_In_000_Usd_Ytd,,252009,No,IPGP-Financial-Data-Workbook-2024-Q2.xlsx,Income Statement,6,Cost of sales,,,0.669,Fair,Yes
80,Cost of sales,Destination.Consolidated_Income_Statement_In_000_Usd_Ytd.Cost_Of_Sales,Consolidated_Income_Statement_In_000_Usd_Ytd,,154473,No,IPGP-Financial-Data-Workbook-2024-Q2.xlsx,Income Statement,6,Cost of sales,,,1.000,Excellent,Yes
81,Gross profit,Destination.Consolidated_Income_Statement_In_000_Usd_Ytd.Gross_Profit,Consolidated_Income_Statement_In_000_Usd_Ytd,,97536,No,IPGP-Financial-Data-Workbook-2024-Q2.xlsx,Key Metrics,72,Gross profit,-4695,-2834,1.000,Excellent,Yes
82,Sales and marketing,Destination.Consolidated_Income_Statement_In_000_Usd_Ytd.Sales_And_Marketing,Consolidated_Income_Statement_In_000_Usd_Ytd,,22998,No,IPGP-Financial-Data-Workbook-2024-Q2.xlsx,Income Statement,10,Sales and marketing,,,1.000,Excellent,Yes
83,Research and development,Destination.Consolidated_Income_Statement_In_000_Usd_Ytd.Research_And_Development,Consolidated_Income_Statement_In_000_Usd_Ytd,,29381,No,IPGP-Financial-Data-Workbook-2024-Q2.xlsx,Key Metrics,96,Research and development,,,1.000,Excellent,Yes
84,General and administrative,Destination.Consolidated_Income_Statement_In_000_Usd_Ytd.General_And_Administrative,Consolidated_Income_Statement_In_000_Usd_Ytd,,31158,No,IPGP-Financial-Data-Workbook-2024-Q2.xlsx,Key Metrics,99,General and administrative,,,1.000,Excellent,Yes
85,Loss (gain) on foreign exchange and others,Destination.Consolidated_Income_Statement_In_000_Usd_Ytd.Loss_Gain_On_Foreign_Exchange_And_Others,Consolidated_Income_Statement_In_000_Usd_Ytd,,-5101,No,IPGP-Financial-Data-Workbook-2024-Q2.xlsx,Income Statement,17,Loss (gain) on foreign exchange,,,0.679,Fair,Yes
86,Total operating expenses,Destination.Consolidated_Income_Statement_In_000_Usd_Ytd.Total_Operating_Expenses,Consolidated_Income_Statement_In_000_Usd_Ytd,,78436,No,IPGP-Financial-Data-Workbook-2024-Q2.xlsx,Income Statement,18,Total operating expenses,,,1.000,Excellent,Yes
87,Operating Income,Destination.Consolidated_Income_Statement_In_000_Usd_Ytd.Operating_Income,Consolidated_Income_Statement_In_000_Usd_Ytd,,19100,No,IPGP-Financial-Data-Workbook-2024-Q2.xlsx,Income Statement,20,Operating income (loss),,,0.816,Good,Yes
88,"Interest income (expense), net",Destination.Consolidated_Income_Statement_In_000_Usd_Ytd.Interest_Income_Expense_Net,Consolidated_Income_Statement_In_000_Usd_Ytd,,14177,No,IPGP-Financial-Data-Workbook-2024-Q2.xlsx,Income Statement,23,"Interest income (expense), net",,,1.000,Excellent,Yes
89,"Other income (expense), net",Destination.Consolidated_Income_Statement_In_000_Usd_Ytd.Other_Income_Expense_Net,Consolidated_Income_Statement_In_000_Usd_Ytd,,325,No,IPGP-Financial-Data-Workbook-2024-Q2.xlsx,Income Statement,24,"Other income (expense), net",,,1.000,Excellent,Yes
90,"Total other income (expense), net",Destination.Consolidated_Income_Statement_In_000_Usd_Ytd.Total_Other_Income_Expense_Net,Consolidated_Income_Statement_In_000_Usd_Ytd,,14502,No,IPGP-Financial-Data-Workbook-2024-Q2.xlsx,Income Statement,25,Total other income (expense),,,0.894,Good,Yes
91,Income before provision for income taxes,Destination.Consolidated_Income_Statement_In_000_Usd_Ytd.Income_Before_Provision_For_Income_Taxes,Consolidated_Income_Statement_In_000_Usd_Ytd,,33602,No,IPGP-Financial-Data-Workbook-2024-Q2.xlsx,Income Statement,27,Income (loss) before provision for income taxes,,,0.896,Good,Yes
92,Provision for income taxes,Destination.Consolidated_Income_Statement_In_000_Usd_Ytd.Provision_For_Income_Taxes,Consolidated_Income_Statement_In_000_Usd_Ytd,,-9503,No,IPGP-Financial-Data-Workbook-2024-Q2.xlsx,Income Statement,28,Provision for income taxes,,,1.000,Excellent,Yes
93,Net income,Destination.Consolidated_Income_Statement_In_000_Usd_Ytd.Net_Income,Consolidated_Income_Statement_In_000_Usd_Ytd,,24099,No,IPGP-Financial-Data-Workbook-2024-Q2.xlsx,Income Statement,30,Net income (loss),,,0.753,Good,Yes
94,Less: Net loss attributable to noncontrolling interests,Destination.Consolidated_Income_Statement_In_000_Usd_Ytd.Less_Net_Loss_Attributable_To_Noncontrolling_Interests,Consolidated_Income_Statement_In_000_Usd_Ytd,,,No,IPGP-Financial-Data-Workbook-2024-Q2.xlsx,Income Statement,31,Less: net income (loss) attributable to noncontrolling interests,,,0.739,Good,Yes
95,Net income attributable to IPG Photonics Corporation,Destination.Consolidated_Income_Statement_In_000_Usd_Ytd.Net_Income_Attributable_To_Ipg_Photonics_Corporation,Consolidated_Income_Statement_In_000_Usd_Ytd,,24099,No,IPGP-Financial-Data-Workbook-2024-Q2.xlsx,Income Statement,33,Net income (loss) attributable to IPG Photonics Corporation,,,0.910,Excellent,Yes
96,Net income attributable to IPG Photonics Corporation per share,Destination.Consolidated_Income_Statement_In_000_Usd_Ytd.Net_Income_Attributable_To_Ipg_Photonics_Corporation_Per_Share,Consolidated_Income_Statement_In_000_Usd_Ytd,,,Yes,IPGP-Financial-Data-Workbook-2024-Q2.xlsx,Income Statement,35,Net income (loss) attributable to IPG Photonics Corporation per share:,,,0.912,Excellent,Yes
97,Basic,Destination.Consolidated_Income_Statement_In_000_Usd_Ytd.Basic,Consolidated_Income_Statement_In_000_Usd_Ytd,,0.52,No,IPGP-Financial-Data-Workbook-2024-Q2.xlsx,Income Statement,36,Basic,,,1.000,Excellent,Yes
98,Diluted,Destination.Consolidated_Income_Statement_In_000_Usd_Ytd.Diluted,Consolidated_Income_Statement_In_000_Usd_Ytd,,0.52,No,IPGP-Financial-Data-Workbook-2024-Q2.xlsx,Income Statement,37,Diluted,,,1.000,Excellent,Yes
99,Weighted average share outstanding,Destination.Consolidated_Income_Statement_In_000_Usd_Ytd.Weighted_Average_Share_Outstanding,Consolidated_Income_Statement_In_000_Usd_Ytd,,,Yes,IPGP-Financial-Data-Workbook-2024-Q2.xlsx,Income Statement,39,Weighted average shares outstanding:,,,0.777,Good,Yes
100,Basic,Destination.Consolidated_Income_Statement_In_000_Usd_Ytd.Basic,Consolidated_Income_Statement_In_000_Usd_Ytd,,45960,No,IPGP-Financial-Data-Workbook-2024-Q2.xlsx,Income Statement,36,Basic,,,1.000,Excellent,Yes
101,Diluted,Destination.Consolidated_Income_Statement_In_000_Usd_Ytd.Diluted,Consolidated_Income_Statement_In_000_Usd_Ytd,,46175,No,IPGP-Financial-Data-Workbook-2024-Q2.xlsx,Income Statement,37,Diluted,,,1.000,Excellent,Yes
103,Net income,Destination.Consolidated_Income_Statement_In_000_Usd_Ytd.Net_Income,Consolidated_Income_Statement_In_000_Usd_Ytd,,,No,IPGP-Financial-Data-Workbook-2024-Q2.xlsx,Income Statement,30,Net income (loss),,,0.753,Good,Yes
104,Translation adjustments,Destination.Consolidated_Income_Statement_In_000_Usd_Ytd.Translation_Adjustments,Consolidated_Income_Statement_In_000_Usd_Ytd,,,No,,,,,,,0.000,No Match,No
105,Change in carrying value of auction rate securities,Destination.Consolidated_Income_Statement_In_000_Usd_Ytd.Change_In_Carrying_Value_Of_Auction_Rate_Securities,Consolidated_Income_Statement_In_000_Usd_Ytd,,,No,,,,,,,0.000,No Match,No
106,Unrealized gain on derivatives,Destination.Consolidated_Income_Statement_In_000_Usd_Ytd.Unrealized_Gain_On_Derivatives,Consolidated_Income_Statement_In_000_Usd_Ytd,,,No,,,,,,,0.000,No Match,No
107,Unrealized loss on available-for-sale investments,Destination.Consolidated_Income_Statement_In_000_Usd_Ytd.Unrealized_Loss_On_Available_For_Sale_Investments,Consolidated_Income_Statement_In_000_Usd_Ytd,,,No,,,,,,,0.000,No Match,No
108,"Total other comprehensive income (loss), net of tax",Destination.Consolidated_Income_Statement_In_000_Usd_Ytd.Total_Other_Comprehensive_Income_Loss_Net_Of_Tax,Consolidated_Income_Statement_In_000_Usd_Ytd,,,No,IPGP-Financial-Data-Workbook-2024-Q2.xlsx,Income Statement,25,Total other income (expense),,,0.606,Fair,Yes
109,Comprehensive income,Destination.Consolidated_Income_Statement_In_000_Usd_Ytd.Comprehensive_Income,Consolidated_Income_Statement_In_000_Usd_Ytd,,,No,IPGP-Financial-Data-Workbook-2024-Q2.xlsx,Balance Sheet,14,Prepaid income taxes,,,0.600,Fair,Yes
110,Comprehensive (loss) income attributable to noncontrolling interest,Destination.Consolidated_Income_Statement_In_000_Usd_Ytd.Comprehensive_Loss_Income_Attributable_To_Noncontrolling_Interest,Consolidated_Income_Statement_In_000_Usd_Ytd,,,No,IPGP-Financial-Data-Workbook-2024-Q2.xlsx,Income Statement,31,Less: net income (loss) attributable to noncontrolling interests,,,0.783,Good,Yes
111,Comprehensive income attributable to IPG Photonics Corporation,Destination.Consolidated_Income_Statement_In_000_Usd_Ytd.Comprehensive_Income_Attributable_To_Ipg_Photonics_Corporation,Consolidated_Income_Statement_In_000_Usd_Ytd,,,No,IPGP-Financial-Data-Workbook-2024-Q2.xlsx,Income Statement,33,Net income (loss) attributable to IPG Photonics Corporation,,,0.821,Good,Yes
113,Check,Destination.Consolidated_Income_Statement_In_000_Usd_Ytd.Check,Consolidated_Income_Statement_In_000_Usd_Ytd,,0,No,,,,,,,0.000,No Match,No
114,Check,Destination.Consolidated_Income_Statement_In_000_Usd_Ytd.Check,Consolidated_Income_Statement_In_000_Usd_Ytd,,0,No,,,,,,,0.000,No Match,No
115,Check,Destination.Consolidated_Income_Statement_In_000_Usd_Ytd.Check,Consolidated_Income_Statement_In_000_Usd_Ytd,,0,No,,,,,,,0.000,No Match,No
116,Check,Destination.Consolidated_Income_Statement_In_000_Usd_Ytd.Check,Consolidated_Income_Statement_In_000_Usd_Ytd,,0,No,,,,,,,0.000,No Match,No
123,Cash and cash equivalents,Destination.Consolidated_Balance_Sheet_In_000_Usd.Cash_And_Cash_Equivalents,Consolidated_Balance_Sheet_In_000_Usd,,496452,No,IPGP-Financial-Data-Workbook-2024-Q2.xlsx,Balance Sheet,7,Cash and cash equivalents,,,1.000,Excellent,Yes
124,Short-term investments,Destination.Consolidated_Balance_Sheet_In_000_Usd.Short_Term_Investments,Consolidated_Balance_Sheet_In_000_Usd,,643655,No,IPGP-Financial-Data-Workbook-2024-Q2.xlsx,Balance Sheet,8,Short-term investments,,,1.000,Excellent,Yes
125,"Accounts receivable, net",Destination.Consolidated_Balance_Sheet_In_000_Usd.Accounts_Receivable_Net,Consolidated_Balance_Sheet_In_000_Usd,,184012,No,IPGP-Financial-Data-Workbook-2024-Q2.xlsx,Balance Sheet,9,"Accounts receivable, net",,,1.000,Excellent,Yes
126,Inventories,Destination.Consolidated_Balance_Sheet_In_000_Usd.Inventories,Consolidated_Balance_Sheet_In_000_Usd,,431899,No,IPGP-Financial-Data-Workbook-2024-Q2.xlsx,Balance Sheet,10,Inventories,,,1.000,Excellent,Yes
127,Prepaid income taxes,Destination.Consolidated_Balance_Sheet_In_000_Usd.Prepaid_Income_Taxes,Consolidated_Balance_Sheet_In_000_Usd,,24530,No,IPGP-Financial-Data-Workbook-2024-Q2.xlsx,Balance Sheet,14,Prepaid income taxes,,,1.000,Excellent,Yes
128,Prepaid expenses and others,Destination.Consolidated_Balance_Sheet_In_000_Usd.Prepaid_Expenses_And_Others,Consolidated_Balance_Sheet_In_000_Usd,,49071,No,IPGP-Financial-Data-Workbook-2024-Q2.xlsx,Balance Sheet,15,Prepaid expenses and other current assets,,,0.635,Fair,Yes
131,"Deferred income taxes, net",Destination.Consolidated_Balance_Sheet_In_000_Usd.Total_Current_Assets.Deferred_Income_Taxes_Net,Consolidated_Balance_Sheet_In_000_Usd,Total_Current_Assets,84452,No,IPGP-Financial-Data-Workbook-2024-Q2.xlsx,Balance Sheet,18,"Deferred income taxes, net",,,1.000,Excellent,Yes
132,Goodwill,Destination.Consolidated_Balance_Sheet_In_000_Usd.Total_Current_Assets.Goodwill,Consolidated_Balance_Sheet_In_000_Usd,Total_Current_Assets,38351,No,IPGP-Financial-Data-Workbook-2024-Q2.xlsx,Balance Sheet,19,Goodwill,,,1.000,Excellent,Yes
133,"Intangible assets, net",Destination.Consolidated_Balance_Sheet_In_000_Usd.Total_Current_Assets.Intangible_Assets_Net,Consolidated_Balance_Sheet_In_000_Usd,Total_Current_Assets,24802,No,IPGP-Financial-Data-Workbook-2024-Q2.xlsx,Balance Sheet,20,"Intangible assets, net",,,1.000,Excellent,Yes
134,"Property, plant and equipment, net",Destination.Consolidated_Balance_Sheet_In_000_Usd.Total_Current_Assets.Property_Plant_And_Equipment_Net,Consolidated_Balance_Sheet_In_000_Usd,Total_Current_Assets,585751,No,IPGP-Financial-Data-Workbook-2024-Q2.xlsx,Balance Sheet,21,"Property, plant and equipment, net",,,1.000,Excellent,Yes
136,Total assets,Destination.Consolidated_Balance_Sheet_In_000_Usd.Other_Non_Current_Assets.Total_Assets,Consolidated_Balance_Sheet_In_000_Usd,Other_Non_Current_Assets,2598436,No,IPGP-Financial-Data-Workbook-2024-Q2.xlsx,Balance Sheet,23,Total assets,,,1.000,Excellent,Yes
138,Current portion of long-term debt,Destination.Consolidated_Balance_Sheet_In_000_Usd.Other_Non_Current_Assets.Current_Portion_Of_Long_Term_Debt,Consolidated_Balance_Sheet_In_000_Usd,Other_Non_Current_Assets,,No,IPGP-Financial-Data-Workbook-2024-Q2.xlsx,Balance Sheet,28,Current portion of long-term debt,,,1.000,Excellent,Yes
139,Accounts payable,Destination.Consolidated_Balance_Sheet_In_000_Usd.Other_Non_Current_Assets.Accounts_Payable,Consolidated_Balance_Sheet_In_000_Usd,Other_Non_Current_Assets,26675,No,IPGP-Financial-Data-Workbook-2024-Q2.xlsx,Balance Sheet,29,Accounts payable,,,1.000,Excellent,Yes
140,Accrued expenses and other liabilities,Destination.Consolidated_Balance_Sheet_In_000_Usd.Other_Non_Current_Assets.Accrued_Expenses_And_Other_Liabilities,Consolidated_Balance_Sheet_In_000_Usd,Other_Non_Current_Assets,163011,No,IPGP-Financial-Data-Workbook-2024-Q2.xlsx,Cash Flows,22,Accrued expenses and other liabilities,,,1.000,Excellent,Yes
141,Income taxes payable,Destination.Consolidated_Balance_Sheet_In_000_Usd.Other_Non_Current_Assets.Income_Taxes_Payable,Consolidated_Balance_Sheet_In_000_Usd,Other_Non_Current_Assets,2441,No,IPGP-Financial-Data-Workbook-2024-Q2.xlsx,Balance Sheet,34,Income taxes payable,,,1.000,Excellent,Yes
145,"Long-term debt, net of current portion",Destination.Consolidated_Balance_Sheet_In_000_Usd.Deferred_Income_Taxes_And_Other_Non_Current_Liabilities.Long_Term_Debt_Net_Of_Current_Portion,Consolidated_Balance_Sheet_In_000_Usd,Deferred_Income_Taxes_And_Other_Non_Current_Liabilities,,No,IPGP-Financial-Data-Workbook-2024-Q2.xlsx,Balance Sheet,38,"Long-term debt, net of current portion",,,1.000,Excellent,Yes
146,Total liabilities,Destination.Consolidated_Balance_Sheet_In_000_Usd.Deferred_Income_Taxes_And_Other_Non_Current_Liabilities.Total_Liabilities,Consolidated_Balance_Sheet_In_000_Usd,Deferred_Income_Taxes_And_Other_Non_Current_Liabilities,257716,No,IPGP-Financial-Data-Workbook-2024-Q2.xlsx,Balance Sheet,39,Total Liabilities,,,1.000,Excellent,Yes
149,"Treasury stock, at cost",Destination.Consolidated_Balance_Sheet_In_000_Usd.Deferred_Income_Taxes_And_Other_Non_Current_Liabilities.Treasury_Stock_At_Cost,Consolidated_Balance_Sheet_In_000_Usd,Deferred_Income_Taxes_And_Other_Non_Current_Liabilities,-1251121,No,IPGP-Financial-Data-Workbook-2024-Q2.xlsx,Balance Sheet,45,"Treasury stock, at cost",,,1.000,Excellent,Yes
150,Additional paid-in capital,Destination.Consolidated_Balance_Sheet_In_000_Usd.Deferred_Income_Taxes_And_Other_Non_Current_Liabilities.Additional_Paid_In_Capital,Consolidated_Balance_Sheet_In_000_Usd,Deferred_Income_Taxes_And_Other_Non_Current_Liabilities,1002600,No,IPGP-Financial-Data-Workbook-2024-Q2.xlsx,Balance Sheet,46,Additional paid-in capital,,,1.000,Excellent,Yes
151,Retained earnings,Destination.Consolidated_Balance_Sheet_In_000_Usd.Deferred_Income_Taxes_And_Other_Non_Current_Liabilities.Retained_Earnings,Consolidated_Balance_Sheet_In_000_Usd,Deferred_Income_Taxes_And_Other_Non_Current_Liabilities,2819493,No,IPGP-Financial-Data-Workbook-2024-Q2.xlsx,Balance Sheet,48,Retained earnings,,,1.000,Excellent,Yes
152,Accumulated other comprehensive loss,Destination.Consolidated_Balance_Sheet_In_000_Usd.Deferred_Income_Taxes_And_Other_Non_Current_Liabilities.Accumulated_Other_Comprehensive_Loss,Consolidated_Balance_Sheet_In_000_Usd,Deferred_Income_Taxes_And_Other_Non_Current_Liabilities,-230258,No,IPGP-Financial-Data-Workbook-2024-Q2.xlsx,Balance Sheet,49,Accumulated other comprehensive gain (loss),,,0.729,Good,Yes
154,Noncontrolling interests,Destination.Consolidated_Balance_Sheet_In_000_Usd.Total_Ipg_Photonics_Corporation_Equity.Noncontrolling_Interests,Consolidated_Balance_Sheet_In_000_Usd,Total_Ipg_Photonics_Corporation_Equity,,No,IPGP-Financial-Data-Workbook-2024-Q2.xlsx,Balance Sheet,52,Noncontrolling interests,,,1.000,Excellent,Yes
158,Check,Destination.Consolidated_Balance_Sheet_In_000_Usd.Total_Equity_And_Liabillities.Check,Consolidated_Balance_Sheet_In_000_Usd,Total_Equity_And_Liabillities,0,No,,,,,,,0.000,No Match,No
159,Check,Destination.Consolidated_Balance_Sheet_In_000_Usd.Total_Equity_And_Liabillities.Check,Consolidated_Balance_Sheet_In_000_Usd,Total_Equity_And_Liabillities,0,No,,,,,,,0.000,No Match,No
160,Check,Destination.Consolidated_Balance_Sheet_In_000_Usd.Total_Equity_And_Liabillities.Check,Consolidated_Balance_Sheet_In_000_Usd,Total_Equity_And_Liabillities,0,No,,,,,,,0.000,No Match,No
161,Check,Destination.Consolidated_Balance_Sheet_In_000_Usd.Total_Equity_And_Liabillities.Check,Consolidated_Balance_Sheet_In_000_Usd,Total_Equity_And_Liabillities,0,No,,,,,,,0.000,No Match,No
162,Check,Destination.Consolidated_Balance_Sheet_In_000_Usd.Total_Equity_And_Liabillities.Check,Consolidated_Balance_Sheet_In_000_Usd,Total_Equity_And_Liabillities,0,No,,,,,,,0.000,No Match,No
163,Check,Destination.Consolidated_Balance_Sheet_In_000_Usd.Total_Equity_And_Liabillities.Check,Consolidated_Balance_Sheet_In_000_Usd,Total_Equity_And_Liabillities,0,No,,,,,,,0.000,No Match,No
171,Net income,Destination.Cash_Flows_From_Operating_Activities.Net_Income,Cash_Flows_From_Operating_Activities,,24099,No,IPGP-Financial-Data-Workbook-2024-Q2.xlsx,Income Statement,30,Net income (loss),,,0.753,Good,Yes
173,Depreciation and amortization,Destination.Cash_Flows_From_Operating_Activities.Adjustments_To_Reconcile_Net_Income_To_Net_Cash_Provided_By_Operating_Activities.Depreciation_And_Amortization,Cash_Flows_From_Operating_Activities,Adjustments_To_Reconcile_Net_Income_To_Net_Cash_Provided_By_Operating_Activities,16214,No,IPGP-Financial-Data-Workbook-2024-Q2.xlsx,Cash Flows,8,Depreciation and amortization,,,1.000,Excellent,Yes
174,Deferred income taxes,Destination.Cash_Flows_From_Operating_Activities.Adjustments_To_Reconcile_Net_Income_To_Net_Cash_Provided_By_Operating_Activities.Deferred_Income_Taxes,Cash_Flows_From_Operating_Activities,Adjustments_To_Reconcile_Net_Income_To_Net_Cash_Provided_By_Operating_Activities,,No,IPGP-Financial-Data-Workbook-2024-Q2.xlsx,Cash Flows,11,Deferred income taxes,,,1.000,Excellent,Yes
175,Stock-based compensation,Destination.Cash_Flows_From_Operating_Activities.Adjustments_To_Reconcile_Net_Income_To_Net_Cash_Provided_By_Operating_Activities.Stock_Based_Compensation,Cash_Flows_From_Operating_Activities,Adjustments_To_Reconcile_Net_Income_To_Net_Cash_Provided_By_Operating_Activities,,No,IPGP-Financial-Data-Workbook-2024-Q2.xlsx,Cash Flows,12,Stock-based compensation,,,1.000,Excellent,Yes
176,Unrealized losses (gains) on foreign currency transactions,Destination.Cash_Flows_From_Operating_Activities.Adjustments_To_Reconcile_Net_Income_To_Net_Cash_Provided_By_Operating_Activities.Unrealized_Losses_Gains_On_Foreign_Currency_Transactions,Cash_Flows_From_Operating_Activities,Adjustments_To_Reconcile_Net_Income_To_Net_Cash_Provided_By_Operating_Activities,,No,IPGP-Financial-Data-Workbook-2024-Q2.xlsx,Cash Flows,13,Unrealized losses (gains) on foreign currency transactions,,,1.000,Excellent,Yes
177,Other,Destination.Cash_Flows_From_Operating_Activities.Adjustments_To_Reconcile_Net_Income_To_Net_Cash_Provided_By_Operating_Activities.Other,Cash_Flows_From_Operating_Activities,Adjustments_To_Reconcile_Net_Income_To_Net_Cash_Provided_By_Operating_Activities,143,No,IPGP-Financial-Data-Workbook-2024-Q2.xlsx,Key Metrics,86,Other,,,1.000,Excellent,Yes
178,"Provisions for inventory, warranty and bad debt",Destination.Cash_Flows_From_Operating_Activities.Adjustments_To_Reconcile_Net_Income_To_Net_Cash_Provided_By_Operating_Activities.Provisions_For_Inventory_Warranty_And_Bad_Debt,Cash_Flows_From_Operating_Activities,Adjustments_To_Reconcile_Net_Income_To_Net_Cash_Provided_By_Operating_Activities,14761,No,IPGP-Financial-Data-Workbook-2024-Q2.xlsx,Cash Flows,16,"Provisions for inventory, warranty & bad debt",,,0.765,Good,Yes
180,Accounts receivable,Destination.Cash_Flows_From_Operating_Activities.Adjustments_To_Reconcile_Net_Income_To_Net_Cash_Provided_By_Operating_Activities.Changes_In_Assets_And_Liabilities_That_Used_Provided_Cash_Net_Of_Acquisitions.Accounts_Receivable,Cash_Flows_From_Operating_Activities,Adjustments_To_Reconcile_Net_Income_To_Net_Cash_Provided_By_Operating_Activities,32579,No,IPGP-Financial-Data-Workbook-2024-Q2.xlsx,Cash Flows,18,Accounts receivable,,,1.000,Excellent,Yes
181,Inventories,Destination.Cash_Flows_From_Operating_Activities.Adjustments_To_Reconcile_Net_Income_To_Net_Cash_Provided_By_Operating_Activities.Changes_In_Assets_And_Liabilities_That_Used_Provided_Cash_Net_Of_Acquisitions.Inventories,Cash_Flows_From_Operating_Activities,Adjustments_To_Reconcile_Net_Income_To_Net_Cash_Provided_By_Operating_Activities,1498,No,IPGP-Financial-Data-Workbook-2024-Q2.xlsx,Balance Sheet,10,Inventories,,,1.000,Excellent,Yes
183,Accounts payable,Destination.Cash_Flows_From_Operating_Activities.Prepaid_Expenses_And_Other_Current_Assets.Accounts_Payable,Cash_Flows_From_Operating_Activities,Prepaid_Expenses_And_Other_Current_Assets,,No,IPGP-Financial-Data-Workbook-2024-Q2.xlsx,Balance Sheet,29,Accounts payable,,,1.000,Excellent,Yes
184,Accrued expenses and other liabilities,Destination.Cash_Flows_From_Operating_Activities.Prepaid_Expenses_And_Other_Current_Assets.Accrued_Expenses_And_Other_Liabilities,Cash_Flows_From_Operating_Activities,Prepaid_Expenses_And_Other_Current_Assets,,No,IPGP-Financial-Data-Workbook-2024-Q2.xlsx,Cash Flows,22,Accrued expenses and other liabilities,,,1.000,Excellent,Yes
185,Income and other taxes payable,Destination.Cash_Flows_From_Operating_Activities.Prepaid_Expenses_And_Other_Current_Assets.Income_And_Other_Taxes_Payable,Cash_Flows_From_Operating_Activities,Prepaid_Expenses_And_Other_Current_Assets,-34698,No,IPGP-Financial-Data-Workbook-2024-Q2.xlsx,Cash Flows,23,Income and other taxes payable,,,1.000,Excellent,Yes
186,Tax benefit from exercise of employee stock options,Destination.Cash_Flows_From_Operating_Activities.Prepaid_Expenses_And_Other_Current_Assets.Tax_Benefit_From_Exercise_Of_Employee_Stock_Options,Cash_Flows_From_Operating_Activities,Prepaid_Expenses_And_Other_Current_Assets,,No,,,,,,,0.000,No Match,No
190,"Purchases of property, plant and equipment",Destination.Cash_Flows_From_Investing_Activities.Purchases_Of_Property_Plant_And_Equipment,Cash_Flows_From_Investing_Activities,,-28052,No,IPGP-Financial-Data-Workbook-2024-Q2.xlsx,Cash Flows,27,"Purchases of and deposits on property, plant and equipment",,,0.672,Fair,Yes
191,Purchase of intangible assets,Destination.Cash_Flows_From_Investing_Activities.Purchase_Of_Intangible_Assets,Cash_Flows_From_Investing_Activities,,,No,IPGP-Financial-Data-Workbook-2024-Q2.xlsx,Cash Flows,28,Purchase of intangible assets,,,1.000,Excellent,Yes
192,"Proceeds from sales of property, plant and equipment",Destination.Cash_Flows_From_Investing_Activities.Proceeds_From_Sales_Of_Property_Plant_And_Equipment,Cash_Flows_From_Investing_Activities,,25262,No,IPGP-Financial-Data-Workbook-2024-Q2.xlsx,Cash Flows,29,"Proceeds from sales of property, plant and equipment",,,1.000,Excellent,Yes
193,Proceeds from short-term investments,Destination.Cash_Flows_From_Investing_Activities.Proceeds_From_Short_Term_Investments,Cash_Flows_From_Investing_Activities,,-226521,No,IPGP-Financial-Data-Workbook-2024-Q2.xlsx,Cash Flows,31,Proceeds from short-term investments,,,1.000,Excellent,Yes
194,Purchases of short-term investments,Destination.Cash_Flows_From_Investing_Activities.Purchases_Of_Short_Term_Investments,Cash_Flows_From_Investing_Activities,,252890,No,IPGP-Financial-Data-Workbook-2024-Q2.xlsx,Cash Flows,30,Purchases of short-term investments,,,1.000,Excellent,Yes
195,Acquisition of businesses,Destination.Cash_Flows_From_Investing_Activities.Acquisition_Of_Businesses,Cash_Flows_From_Investing_Activities,,,No,IPGP-Financial-Data-Workbook-2024-Q2.xlsx,Cash Flows,32,"Acquisition of businesses, net of cash acquired",,,0.556,Fair,Yes
196,Others,Destination.Cash_Flows_From_Investing_Activities.Others,Cash_Flows_From_Investing_Activities,,157,No,IPGP-Financial-Data-Workbook-2024-Q2.xlsx,Key Metrics,11,Other Asia,24978,27643,0.750,Good,Yes
200,Proceeds from line-of-credit facilities,Destination.Cash_Flows_From_Financing_Activities.Proceeds_From_Line_Of_Credit_Facilities,Cash_Flows_From_Financing_Activities,,,No,IPGP-Financial-Data-Workbook-2024-Q2.xlsx,Cash Flows,38,Proceeds from line-of-credit facilities,,,1.000,Excellent,Yes
201,Payments on line-of-credit facilities,Destination.Cash_Flows_From_Financing_Activities.Payments_On_Line_Of_Credit_Facilities,Cash_Flows_From_Financing_Activities,,,No,IPGP-Financial-Data-Workbook-2024-Q2.xlsx,Cash Flows,39,Payments on line-of-credit facilities,,,1.000,Excellent,Yes
202,Purchase of noncontrolling interests,Destination.Cash_Flows_From_Financing_Activities.Purchase_Of_Noncontrolling_Interests,Cash_Flows_From_Financing_Activities,,,No,IPGP-Financial-Data-Workbook-2024-Q2.xlsx,Cash Flows,45,Purchase of non-controlling interests,,,0.789,Good,Yes
203,(Purchase) sale of redeemable noncontrolling interests,Destination.Cash_Flows_From_Financing_Activities.Purchase_Sale_Of_Redeemable_Noncontrolling_Interests,Cash_Flows_From_Financing_Activities,,,No,IPGP-Financial-Data-Workbook-2024-Q2.xlsx,Cash Flows,45,Purchase of non-controlling interests,,,0.633,Fair,Yes
204,Proceeds on long-term borrowings,Destination.Cash_Flows_From_Financing_Activities.Proceeds_On_Long_Term_Borrowings,Cash_Flows_From_Financing_Activities,,,No,IPGP-Financial-Data-Workbook-2024-Q2.xlsx,Cash Flows,41,Proceeds on long-term borrowings,,,1.000,Excellent,Yes
205,Principal payments on long-term borrowings,Destination.Cash_Flows_From_Financing_Activities.Principal_Payments_On_Long_Term_Borrowings,Cash_Flows_From_Financing_Activities,,,No,IPGP-Financial-Data-Workbook-2024-Q2.xlsx,Cash Flows,42,Principal payments on long-term borrowings,,,1.000,Excellent,Yes
206,Exercise of employee stock options and issuances under employee stock purchase plan,Destination.Cash_Flows_From_Financing_Activities.Exercise_Of_Employee_Stock_Options_And_Issuances_Under_Employee_Stock_Purchase_Plan,Cash_Flows_From_Financing_Activities,,-1158,No,IPGP-Financial-Data-Workbook-2024-Q2.xlsx,Cash Flows,43,Exercise of employee stock options and issuances under employee stock purchase plan,,,1.000,Excellent,Yes
207,Tax benefit from exercise of employee stock options,Destination.Cash_Flows_From_Financing_Activities.Tax_Benefit_From_Exercise_Of_Employee_Stock_Options,Cash_Flows_From_Financing_Activities,,-89616,No,,,,,,,0.000,No Match,No
208,"Proceeds from follow-on public offering, net of offering expenses",Destination.Cash_Flows_From_Financing_Activities.Proceeds_From_Follow_On_Public_Offering_Net_Of_Offering_Expenses,Cash_Flows_From_Financing_Activities,,,No,IPGP-Financial-Data-Workbook-2024-Q2.xlsx,Cash Flows,46,"Proceeds from public offering, net of offering expenses",,,0.733,Good,Yes
209,Distributions to shareholders,Destination.Cash_Flows_From_Financing_Activities.Distributions_To_Shareholders,Cash_Flows_From_Financing_Activities,,,No,IPGP-Financial-Data-Workbook-2024-Q2.xlsx,Cash Flows,47,Distributions to shareholders,,,1.000,Excellent,Yes
210,"Purchase of Treasury Stock, at cost",Destination.Cash_Flows_From_Financing_Activities.Purchase_Of_Treasury_Stock_At_Cost,Cash_Flows_From_Financing_Activities,,,No,IPGP-Financial-Data-Workbook-2024-Q2.xlsx,Cash Flows,44,"Purchase of treasury stock, at cost",,,1.000,Excellent,Yes
211,Others,Destination.Cash_Flows_From_Financing_Activities.Others,Cash_Flows_From_Financing_Activities,,,No,IPGP-Financial-Data-Workbook-2024-Q2.xlsx,Key Metrics,11,Other Asia,24978,27643,0.750,Good,Yes
214,Effect of changes in exchange rates on cash and cash equivalents,Destination.Cash_Flows_From_Financing_Activities.Net_Cash_Provided_By_Financing_Activities.Effect_Of_Changes_In_Exchange_Rates_On_Cash_And_Cash_Equivalents,Cash_Flows_From_Financing_Activities,Net_Cash_Provided_By_Financing_Activities,-5780,No,IPGP-Financial-Data-Workbook-2024-Q2.xlsx,Cash Flows,51,"Effect of changes in exchange rates on cash, cash equivalents and restricted cash",,,0.822,Good,Yes
215,Net increase in cash and cash equivalents,Destination.Cash_Flows_From_Financing_Activities.Net_Cash_Provided_By_Financing_Activities.Net_Increase_In_Cash_And_Cash_Equivalents,Cash_Flows_From_Financing_Activities,Net_Cash_Provided_By_Financing_Activities,-18222,No,IPGP-Financial-Data-Workbook-2024-Q2.xlsx,Balance Sheet,7,Cash and cash equivalents,,,0.766,Good,Yes
216,Cash and cash equivalents - Beginning of period,Destination.Cash_Flows_From_Financing_Activities.Net_Cash_Provided_By_Financing_Activities.Cash_And_Cash_Equivalents_Beginning_Of_Period,Cash_Flows_From_Financing_Activities,Net_Cash_Provided_By_Financing_Activities,514674,No,IPGP-Financial-Data-Workbook-2024-Q2.xlsx,Cash Flows,54,Cash and cash equivalents — Beginning of period,,,0.943,Excellent,Yes
217,Cash and cash equivalents - Ending balance,Destination.Cash_Flows_From_Financing_Activities.Net_Cash_Provided_By_Financing_Activities.Cash_And_Cash_Equivalents_Ending_Balance,Cash_Flows_From_Financing_Activities,Net_Cash_Provided_By_Financing_Activities,496452,No,IPGP-Financial-Data-Workbook-2024-Q2.xlsx,Cash Flows,54,Cash and cash equivalents — Beginning of period,,,0.771,Good,Yes
219,Cash and cash equivalents - End of period,Destination.Cash_Flows_From_Financing_Activities.Less_Restricted_Cash_Included_In_Other_Current_Assets_And_Other_Assets.Cash_And_Cash_Equivalents_End_Of_Period,Cash_Flows_From_Financing_Activities,Less_Restricted_Cash_Included_In_Other_Current_Assets_And_Other_Assets,496452,No,IPGP-Financial-Data-Workbook-2024-Q2.xlsx,Cash Flows,57,Cash and cash equivalents — End of period,,,0.940,Excellent,Yes
221,Cash paid for interest,Destination.Supplemental_Disclosures_Of_Cash_Flow_Information.Cash_Paid_For_Interest,Supplemental_Disclosures_Of_Cash_Flow_Information,,4,No,IPGP-Financial-Data-Workbook-2024-Q2.xlsx,Cash Flows,60,Cash paid for interest,,,1.000,Excellent,Yes
222,Cash paid for income taxes,Destination.Supplemental_Disclosures_Of_Cash_Flow_Information.Cash_Paid_For_Income_Taxes,Supplemental_Disclosures_Of_Cash_Flow_Information,,8005,No,IPGP-Financial-Data-Workbook-2024-Q2.xlsx,Cash Flows,61,Cash paid for income taxes,,,1.000,Excellent,Yes
224,Demonstration units transferred from inventory to other assets,Destination.Supplemental_Disclosures_Of_Cash_Flow_Information.Non_Cash_Transactions.Demonstration_Units_Transferred_From_Inventory_To_Other_Assets,Supplemental_Disclosures_Of_Cash_Flow_Information,,,No,IPGP-Financial-Data-Workbook-2024-Q2.xlsx,Cash Flows,56,Less: restricted cash included in other current assets and other assets,,,0.509,Fair,Yes
225,"Property, plant and equipment transferred from inventory",Destination.Supplemental_Disclosures_Of_Cash_Flow_Information.Non_Cash_Transactions.Property_Plant_And_Equipment_Transferred_From_Inventory,Supplemental_Disclosures_Of_Cash_Flow_Information,,,No,IPGP-Financial-Data-Workbook-2024-Q2.xlsx,Balance Sheet,21,"Property, plant and equipment, net",,,0.551,Fair,Yes
226,"Additions to property, plant and equipment included in accounts payable",Destination.Supplemental_Disclosures_Of_Cash_Flow_Information.Non_Cash_Transactions.Additions_To_Property_Plant_And_Equipment_Included_In_Accounts_Payable,Supplemental_Disclosures_Of_Cash_Flow_Information,,,No,IPGP-Financial-Data-Workbook-2024-Q2.xlsx,Balance Sheet,21,"Property, plant and equipment, net",,,0.503,Fair,Yes
227,Property purchase financed with debt,Destination.Supplemental_Disclosures_Of_Cash_Flow_Information.Non_Cash_Transactions.Property_Purchase_Financed_With_Debt,Supplemental_Disclosures_Of_Cash_Flow_Information,,,No,,,,,,,0.000,No Match,No
228,Others,Destination.Supplemental_Disclosures_Of_Cash_Flow_Information.Non_Cash_Transactions.Others,Supplemental_Disclosures_Of_Cash_Flow_Information,,,No,IPGP-Financial-Data-Workbook-2024-Q2.xlsx,Key Metrics,11,Other Asia,24978,27643,0.750,Good,Yes
230,Check,Destination.Supplemental_Disclosures_Of_Cash_Flow_Information.Non_Cash_Transactions.Check,Supplemental_Disclosures_Of_Cash_Flow_Information,,0,No,,,,,,,0.000,No Match,No
231,Check,Destination.Supplemental_Disclosures_Of_Cash_Flow_Information.Non_Cash_Transactions.Check,Supplemental_Disclosures_Of_Cash_Flow_Information,,0,No,,,,,,,0.000,No Match,No
232,Check,Destination.Supplemental_Disclosures_Of_Cash_Flow_Information.Non_Cash_Transactions.Check,Supplemental_Disclosures_Of_Cash_Flow_Information,,0,No,,,,,,,0.000,No Match,No
233,Check,Destination.Supplemental_Disclosures_Of_Cash_Flow_Information.Non_Cash_Transactions.Check,Supplemental_Disclosures_Of_Cash_Flow_Information,,0,No,,,,,,,0.000,No Match,No
234,Check,Destination.Supplemental_Disclosures_Of_Cash_Flow_Information.Non_Cash_Transactions.Check,Supplemental_Disclosures_Of_Cash_Flow_Information,,0,No,,,,,,,0.000,No Match,No
235,Check,Destination.Supplemental_Disclosures_Of_Cash_Flow_Information.Non_Cash_Transactions.Check,Supplemental_Disclosures_Of_Cash_Flow_Information,,0,No,,,,,,,0.000,No Match,No
236,Check,Destination.Supplemental_Disclosures_Of_Cash_Flow_Information.Non_Cash_Transactions.Check,Supplemental_Disclosures_Of_Cash_Flow_Information,,0,No,,,,,,,0.000,No Match,No
241,Supplement information,Destination.Supplemental_Disclosures_Of_Cash_Flow_Information.Non_Cash_Transactions.Supplement_Information,Supplemental_Disclosures_Of_Cash_Flow_Information,,,Yes,,,,,,,0.000,No Match,No
243,Backlog (in Mn USD),Destination.Supplemental_Disclosures_Of_Cash_Flow_Information.Non_Cash_Transactions.Backlog_In_Mn_Usd,Supplemental_Disclosures_Of_Cash_Flow_Information,,,Yes,,,,,,,0.000,No Match,No
244,Orders with firm shipment dates,Destination.Supplemental_Disclosures_Of_Cash_Flow_Information.Non_Cash_Transactions.Orders_With_Firm_Shipment_Dates,Supplemental_Disclosures_Of_Cash_Flow_Information,,,No,IPGP-Financial-Data-Workbook-2024-Q2.xlsx,Key Metrics,64,Orders with firm shipment dates,,,1.000,Excellent,Yes
245,Orders expected to ship within one year (frame agreement),Destination.Supplemental_Disclosures_Of_Cash_Flow_Information.Non_Cash_Transactions.Orders_Expected_To_Ship_Within_One_Year_Frame_Agreement,Supplemental_Disclosures_Of_Cash_Flow_Information,,,No,,,,,,,0.000,No Match,No
246,Total,Destination.Supplemental_Disclosures_Of_Cash_Flow_Information.Non_Cash_Transactions.Total,Supplemental_Disclosures_Of_Cash_Flow_Information,,,No,IPGP-Financial-Data-Workbook-2024-Q2.xlsx,Income Statement,55,TOTAL,,,1.000,Excellent,Yes
248,Employees,Destination.Supplemental_Disclosures_Of_Cash_Flow_Information.Non_Cash_Transactions.Employees,Supplemental_Disclosures_Of_Cash_Flow_Information,,,Yes,IPGP-Financial-Data-Workbook-2024-Q2.xlsx,Key Metrics,100,Total employees,,,0.600,Fair,Yes
249,R&D,Destination.Supplemental_Disclosures_Of_Cash_Flow_Information.Non_Cash_Transactions.Rd,Supplemental_Disclosures_Of_Cash_Flow_Information,,,No,,,,,,,0.000,No Match,No
250,Manufacturing operations,Destination.Supplemental_Disclosures_Of_Cash_Flow_Information.Non_Cash_Transactions.Manufacturing_Operations,Supplemental_Disclosures_Of_Cash_Flow_Information,,,No,IPGP-Financial-Data-Workbook-2024-Q2.xlsx,Key Metrics,97,Manufacturing operations,,,1.000,Excellent,Yes
251,"Sales, service and marketing",Destination.Supplemental_Disclosures_Of_Cash_Flow_Information.Non_Cash_Transactions.Sales_Service_And_Marketing,Supplemental_Disclosures_Of_Cash_Flow_Information,,,No,IPGP-Financial-Data-Workbook-2024-Q2.xlsx,Key Metrics,98,"Sales, service and marketing",,,1.000,Excellent,Yes
252,General and administraative,Destination.Supplemental_Disclosures_Of_Cash_Flow_Information.Non_Cash_Transactions.General_And_Administraative,Supplemental_Disclosures_Of_Cash_Flow_Information,,,No,IPGP-Financial-Data-Workbook-2024-Q2.xlsx,Key Metrics,99,General and administrative,,,0.785,Good,Yes
253,Contractors,Destination.Supplemental_Disclosures_Of_Cash_Flow_Information.Non_Cash_Transactions.Contractors,Supplemental_Disclosures_Of_Cash_Flow_Information,,,No,,,,,,,0.000,No Match,No
254,Total,Destination.Supplemental_Disclosures_Of_Cash_Flow_Information.Non_Cash_Transactions.Total,Supplemental_Disclosures_Of_Cash_Flow_Information,,,No,IPGP-Financial-Data-Workbook-2024-Q2.xlsx,Income Statement,55,TOTAL,,,1.000,Excellent,Yes
256,"Property, plant, and equipment (in '000 USD)",Destination.Supplemental_Disclosures_Of_Cash_Flow_Information.Non_Cash_Transactions.Property_Plant_And_Equipment_In_000_Usd,Supplemental_Disclosures_Of_Cash_Flow_Information,,,Yes,IPGP-Financial-Data-Workbook-2024-Q2.xlsx,Balance Sheet,21,"Property, plant and equipment, net",,,0.636,Fair,Yes
257,Land,Destination.Supplemental_Disclosures_Of_Cash_Flow_Information.Non_Cash_Transactions.Land,Supplemental_Disclosures_Of_Cash_Flow_Information,,,No,,,,,,,0.000,No Match,No
258,Buildings,Destination.Supplemental_Disclosures_Of_Cash_Flow_Information.Non_Cash_Transactions.Buildings,Supplemental_Disclosures_Of_Cash_Flow_Information,,,No,,,,,,,0.000,No Match,No
259,Machinery and equipment,Destination.Supplemental_Disclosures_Of_Cash_Flow_Information.Non_Cash_Transactions.Machinery_And_Equipment,Supplemental_Disclosures_Of_Cash_Flow_Information,,,No,,,,,,,0.000,No Match,No
260,Office furniture and fixtures,Destination.Supplemental_Disclosures_Of_Cash_Flow_Information.Non_Cash_Transactions.Office_Furniture_And_Fixtures,Supplemental_Disclosures_Of_Cash_Flow_Information,,,No,,,,,,,0.000,No Match,No
261,Construction-in-progress,Destination.Supplemental_Disclosures_Of_Cash_Flow_Information.Non_Cash_Transactions.Construction_In_Progress,Supplemental_Disclosures_Of_Cash_Flow_Information,,,No,,,,,,,0.000,No Match,No
262,"Total property, plant and equipment",Destination.Supplemental_Disclosures_Of_Cash_Flow_Information.Non_Cash_Transactions.Total_Property_Plant_And_Equipment,Supplemental_Disclosures_Of_Cash_Flow_Information,,,No,IPGP-Financial-Data-Workbook-2024-Q2.xlsx,Balance Sheet,21,"Property, plant and equipment, net",,,0.672,Fair,Yes
263,Accumulated depreciation,Destination.Supplemental_Disclosures_Of_Cash_Flow_Information.Non_Cash_Transactions.Accumulated_Depreciation,Supplemental_Disclosures_Of_Cash_Flow_Information,,,No,,,,,,,0.000,No Match,No
264,"Total property, plant and equipment — net",Destination.Supplemental_Disclosures_Of_Cash_Flow_Information.Non_Cash_Transactions.Total_Property_Plant_And_Equipment_Net,Supplemental_Disclosures_Of_Cash_Flow_Information,,,No,IPGP-Financial-Data-Workbook-2024-Q2.xlsx,Balance Sheet,21,"Property, plant and equipment, net",,,0.704,Good,Yes
266,"Depreciation and amortization (YTD, in '000 USD)",Destination.Supplemental_Disclosures_Of_Cash_Flow_Information.Non_Cash_Transactions.Depreciation_And_Amortization_Ytd_In_000_Usd,Supplemental_Disclosures_Of_Cash_Flow_Information,,,Yes,IPGP-Financial-Data-Workbook-2024-Q2.xlsx,Cash Flows,8,Depreciation and amortization,,,0.603,Fair,Yes
267,Depreciation,Destination.Supplemental_Disclosures_Of_Cash_Flow_Information.Non_Cash_Transactions.Depreciation,Supplemental_Disclosures_Of_Cash_Flow_Information,,,No,IPGP-Financial-Data-Workbook-2024-Q2.xlsx,Key Metrics,27,Other applications,25644,31872,0.533,Fair,Yes
268,Amortization,Destination.Supplemental_Disclosures_Of_Cash_Flow_Information.Non_Cash_Transactions.Amortization,Supplemental_Disclosures_Of_Cash_Flow_Information,,,No,,,,,,,0.000,No Match,No
269,Others,Destination.Supplemental_Disclosures_Of_Cash_Flow_Information.Non_Cash_Transactions.Others,Supplemental_Disclosures_Of_Cash_Flow_Information,,,No,IPGP-Financial-Data-Workbook-2024-Q2.xlsx,Key Metrics,11,Other Asia,24978,27643,0.750,Good,Yes
270,Total,Destination.Supplemental_Disclosures_Of_Cash_Flow_Information.Non_Cash_Transactions.Total,Supplemental_Disclosures_Of_Cash_Flow_Information,,,No,IPGP-Financial-Data-Workbook-2024-Q2.xlsx,Income Statement,55,TOTAL,,,1.000,Excellent,Yes
272,Inventories (in '000 USD),Destination.Supplemental_Disclosures_Of_Cash_Flow_Information.Non_Cash_Transactions.Inventories_In_000_Usd,Supplemental_Disclosures_Of_Cash_Flow_Information,,,Yes,,,,,,,0.000,No Match,No
273,Components and raw materials,Destination.Supplemental_Disclosures_Of_Cash_Flow_Information.Non_Cash_Transactions.Components_And_Raw_Materials,Supplemental_Disclosures_Of_Cash_Flow_Information,,,No,IPGP-Financial-Data-Workbook-2024-Q2.xlsx,Balance Sheet,11,Components and raw materials,,,1.000,Excellent,Yes
274,Work-in-process,Destination.Supplemental_Disclosures_Of_Cash_Flow_Information.Non_Cash_Transactions.Work_In_Process,Supplemental_Disclosures_Of_Cash_Flow_Information,,,No,IPGP-Financial-Data-Workbook-2024-Q2.xlsx,Balance Sheet,12,Work in-process,,,0.747,Good,Yes
275,Finished goods,Destination.Supplemental_Disclosures_Of_Cash_Flow_Information.Non_Cash_Transactions.Finished_Goods,Supplemental_Disclosures_Of_Cash_Flow_Information,,,No,IPGP-Financial-Data-Workbook-2024-Q2.xlsx,Balance Sheet,13,Finished goods,,,1.000,Excellent,Yes
276,Total,Destination.Supplemental_Disclosures_Of_Cash_Flow_Information.Non_Cash_Transactions.Total,Supplemental_Disclosures_Of_Cash_Flow_Information,,,No,IPGP-Financial-Data-Workbook-2024-Q2.xlsx,Income Statement,55,TOTAL,,,1.000,Excellent,Yes
278,Check,Destination.Supplemental_Disclosures_Of_Cash_Flow_Information.Non_Cash_Transactions.Check,Supplemental_Disclosures_Of_Cash_Flow_Information,,,No,,,,,,,0.000,No Match,No
279,Check,Destination.Supplemental_Disclosures_Of_Cash_Flow_Information.Non_Cash_Transactions.Check,Supplemental_Disclosures_Of_Cash_Flow_Information,,,No,,,,,,,0.000,No Match,No
280,Check,Destination.Supplemental_Disclosures_Of_Cash_Flow_Information.Non_Cash_Transactions.Check,Supplemental_Disclosures_Of_Cash_Flow_Information,,,No,,,,,,,0.000,No Match,No
281,Check,Destination.Supplemental_Disclosures_Of_Cash_Flow_Information.Non_Cash_Transactions.Check,Supplemental_Disclosures_Of_Cash_Flow_Information,,,No,,,,,,,0.000,No Match,No
282,Check,Destination.Supplemental_Disclosures_Of_Cash_Flow_Information.Non_Cash_Transactions.Check,Supplemental_Disclosures_Of_Cash_Flow_Information,,,No,,,,,,,0.000,No Match,No
283,Check,Destination.Supplemental_Disclosures_Of_Cash_Flow_Information.Non_Cash_Transactions.Check,Supplemental_Disclosures_Of_Cash_Flow_Information,,,No,,,,,,,0.000,No Match,No
