Row_Number,Original_Field_Name,Cleaned_Field_Name,Major_Section_Context,Section_Context,Subsection_Context,Basic_Scoped_Name,Enhanced_Scoped_Name,Row_Type,Has_Data,2007_Q1,2007_Q2,2007_Q3,2007_Q4,2008_Q1,2008_Q2,2008_Q3,2008_Q4,2009_Q1,2009_Q2,2009_Q3,2009_Q4,2010_Q1,2010_Q2,2010_Q3,2010_Q4,2011_Q1,2011_Q2,2011_Q3,2011_Q4
11,Region breakdown,Region_Breakdown,Segment_Information_In_000_Usd_Ytd,,,Reported.Segment_Information_In_000_Usd_Ytd.Region_Breakdown,Reported.Segment_Information_In_000_Usd_Ytd.Region_Breakdown,data_field,No,,,,,,,,,,,,,,,,,,,,
12,United States and other North America,United_States_And_Other_North_America,Segment_Information_In_000_Usd_Ytd,,,Reported.Segment_Information_In_000_Usd_Ytd.United_States_And_Other_North_America,Financial_Statements.Geographic_Data.North_America,data_field,Yes,,,,,,,,,,,,,,,,61706,,,,86181
13,Germany,Germany,Segment_Information_In_000_Usd_Ytd,,,Reported.Segment_Information_In_000_Usd_Ytd.Germany,Financial_Statements.Geographic_Data.Germany,data_field,Yes,,,,,,,,,,,,,,,,46282,,,,76279
14,Other including Eastern Europe/CIS,Other_Including_Eastern_Europecis,Segment_Information_In_000_Usd_Ytd,,,Reported.Segment_Information_In_000_Usd_Ytd.Other_Including_Eastern_Europecis,Reported.Segment_Information_In_000_Usd_Ytd.Other_Including_Eastern_Europecis,data_field,Yes,,,,,,,,,,,,,,,,66174,,,,103305
15,China,China,Segment_Information_In_000_Usd_Ytd,,,Reported.Segment_Information_In_000_Usd_Ytd.China,Financial_Statements.Geographic_Data.China,data_field,Yes,,,,,,,,,,,,,,,,35878,,,,63261
16,Japan,Japan,Segment_Information_In_000_Usd_Ytd,,,Reported.Segment_Information_In_000_Usd_Ytd.Japan,Financial_Statements.Geographic_Data.Japan,data_field,Yes,,,,,,,,,,,,,,,,57762,,,,104560
17,Other Asian countries,Other_Asian_Countries,Segment_Information_In_000_Usd_Ytd,,,Reported.Segment_Information_In_000_Usd_Ytd.Other_Asian_Countries,Financial_Statements.Geographic_Data.Other_Asia,data_field,Yes,,,,,,,,,,,,,,,,30614,,,,36937
18,Rest of World,Rest_Of_World,Segment_Information_In_000_Usd_Ytd,,,Reported.Segment_Information_In_000_Usd_Ytd.Rest_Of_World,Financial_Statements.Geographic_Data.Rest_Of_World,data_field,Yes,,,,,,,,,,,,,,,,840,,,,3959
19,Total,Total,Segment_Information_In_000_Usd_Ytd,,,Reported.Segment_Information_In_000_Usd_Ytd.Total,Income_Statement.Totals.Total,data_field,Yes,,,,,,,,,,,,,,,,299256,,,,474482
22,Materials Processing,Materials_Processing,Segment_Information_In_000_Usd_Ytd,End_Market_Breakdown,,Reported.Segment_Information_In_000_Usd_Ytd.End_Market_Breakdown.Materials_Processing,Reported.Segment_Information_In_000_Usd_Ytd.End_Market_Breakdown.Materials_Processing,data_field,Yes,,,,,,,,,,,,,42740,100006,167546,252014,86397,194297,308542,419443
24,Advanced Applications,Advanced_Applications,Segment_Information_In_000_Usd_Ytd,End_Market_Breakdown,Other_Application_Of_Which,Reported.Segment_Information_In_000_Usd_Ytd.End_Market_Breakdown.Other_Application_Of_Which.Advanced_Applications,Reported.Segment_Information_In_000_Usd_Ytd.End_Market_Breakdown.Other_Application_Of_Which.Advanced_Applications,data_field,Yes,,,,,,,,,,,,,4684,10065,15749,25196,8232,14485,19550,25918
25,Communications,Communications,Segment_Information_In_000_Usd_Ytd,End_Market_Breakdown,Other_Application_Of_Which,Reported.Segment_Information_In_000_Usd_Ytd.End_Market_Breakdown.Other_Application_Of_Which.Communications,Revenue_Statement.Application_Breakdown.Communications,data_field,Yes,,,,,,,,,,,,,1854,3986,9192,14020,3202,9068,16419,20368
26,Medical,Medical,Segment_Information_In_000_Usd_Ytd,End_Market_Breakdown,Other_Application_Of_Which,Reported.Segment_Information_In_000_Usd_Ytd.End_Market_Breakdown.Other_Application_Of_Which.Medical,Revenue_Statement.Application_Breakdown.Medical,data_field,Yes,,,,,,,,,,,,,1926,4405,5784,8026,2127,4044,6447,8753
27,Total,Total,Segment_Information_In_000_Usd_Ytd,End_Market_Breakdown,Other_Application_Of_Which,Reported.Segment_Information_In_000_Usd_Ytd.End_Market_Breakdown.Other_Application_Of_Which.Total,Income_Statement.Totals.Total,data_field,Yes,,,,,,,,,,,,,51204,118462,198271,299256,99958,221894,350958,474482
30,High-power CW lasers (1 Kilowatt or Greater),High_Power_Cw_Lasers_1_Kilowatt_Or_Greater,Segment_Information_In_000_Usd_Ytd,Segment_Breakdown,,Reported.Segment_Information_In_000_Usd_Ytd.Segment_Breakdown.High_Power_Cw_Lasers_1_Kilowatt_Or_Greater,Reported.Segment_Information_In_000_Usd_Ytd.Segment_Breakdown.High_Power_Cw_Lasers_1_Kilowatt_Or_Greater,data_field,Yes,,,,,,,,,,,,,,,,,,,,
31,Medium-power CW lasers (Less Than 1 Kilowatt),Medium_Power_Cw_Lasers_Less_Than_1_Kilowatt,Segment_Information_In_000_Usd_Ytd,Segment_Breakdown,,Reported.Segment_Information_In_000_Usd_Ytd.Segment_Breakdown.Medium_Power_Cw_Lasers_Less_Than_1_Kilowatt,Reported.Segment_Information_In_000_Usd_Ytd.Segment_Breakdown.Medium_Power_Cw_Lasers_Less_Than_1_Kilowatt,data_field,Yes,,,,,,,,,,,,,,,,,,,,
32,Pulsed lasers,Pulsed_Lasers,Segment_Information_In_000_Usd_Ytd,Segment_Breakdown,,Reported.Segment_Information_In_000_Usd_Ytd.Segment_Breakdown.Pulsed_Lasers,Reported.Segment_Information_In_000_Usd_Ytd.Segment_Breakdown.Pulsed_Lasers,data_field,Yes,,,,,,,,,,,,,,,,,,,,
33,QCW lasers,Qcw_Lasers,Segment_Information_In_000_Usd_Ytd,Segment_Breakdown,,Reported.Segment_Information_In_000_Usd_Ytd.Segment_Breakdown.Qcw_Lasers,Reported.Segment_Information_In_000_Usd_Ytd.Segment_Breakdown.Qcw_Lasers,data_field,Yes,,,,,,,,,,,,,,,,,,,,
34,Systems,Systems,Segment_Information_In_000_Usd_Ytd,Segment_Breakdown,,Reported.Segment_Information_In_000_Usd_Ytd.Segment_Breakdown.Systems,Revenue_Statement.Product_Type_Breakdown.Systems_And_Other,data_field,Yes,,,,,,,,,,,,,,,,,,,,
35,"Other revenue (amplifiers, service, parts, accessories and change in deferred)",Other_Revenue_Amplifiers_Service_Parts_Accessories_And_Change_In_Deferred,Segment_Information_In_000_Usd_Ytd,Segment_Breakdown,,Reported.Segment_Information_In_000_Usd_Ytd.Segment_Breakdown.Other_Revenue_Amplifiers_Service_Parts_Accessories_And_Change_In_Deferred,Income_Statement.Revenue.Other_Revenue_Amplifiers_Service_Parts_Accessories_And_Change_In_Deferred,data_field,Yes,,,,,,,,,,,,,,,,,,,,
36,Total,Total,Segment_Information_In_000_Usd_Ytd,Segment_Breakdown,,Reported.Segment_Information_In_000_Usd_Ytd.Segment_Breakdown.Total,Income_Statement.Totals.Total,data_field,Yes,,,,,,,,,,,,,,,,,,,,
39,Check,Check,Segment_Information_In_000_Usd_Ytd,Segment_Breakdown,,Reported.Segment_Information_In_000_Usd_Ytd.Segment_Breakdown.Check,Reported.Segment_Information_In_000_Usd_Ytd.Segment_Breakdown.Check,data_field,Yes,,,,,,,,,,,,,0,0,0,0,0,0,0,0
40,Check,Check,Segment_Information_In_000_Usd_Ytd,Segment_Breakdown,,Reported.Segment_Information_In_000_Usd_Ytd.Segment_Breakdown.Check,Reported.Segment_Information_In_000_Usd_Ytd.Segment_Breakdown.Check,data_field,Yes,,,,,,,,,,,,,0,0,0,0,0,0,0,0
41,Check,Check,Segment_Information_In_000_Usd_Ytd,Segment_Breakdown,,Reported.Segment_Information_In_000_Usd_Ytd.Segment_Breakdown.Check,Reported.Segment_Information_In_000_Usd_Ytd.Segment_Breakdown.Check,data_field,Yes,,,,,,,,,,,,,0,0,0,0,0,0,0,0
42,Check,Check,Segment_Information_In_000_Usd_Ytd,Segment_Breakdown,,Reported.Segment_Information_In_000_Usd_Ytd.Segment_Breakdown.Check,Reported.Segment_Information_In_000_Usd_Ytd.Segment_Breakdown.Check,data_field,Yes,,,,,,,,,,,,,0,0,0,0,0,0,0,0
47,Region mix (%),Region_Mix,Segment_Information,,,Reported.Segment_Information.Region_Mix,Reported.Segment_Information.Region_Mix,data_field,No,,,,,,,,,,,,,,,,,,,,
48,United States and other North America,United_States_And_Other_North_America,Segment_Information,,,Reported.Segment_Information.United_States_And_Other_North_America,Financial_Statements.Geographic_Data.North_America,data_field,Yes,,,,,,,,,,,,,,,,0.20619803780041168,,,,0.18163175842286958
49,Germany,Germany,Segment_Information,,,Reported.Segment_Information.Germany,Financial_Statements.Geographic_Data.Germany,data_field,Yes,,,,,,,,,,,,,,,,0.1546568824016895,,,,0.160762684358943
50,Other including Eastern Europe/CIS,Other_Including_Eastern_Europecis,Segment_Information,,,Reported.Segment_Information.Other_Including_Eastern_Europecis,Reported.Segment_Information.Other_Including_Eastern_Europecis,data_field,Yes,,,,,,,,,,,,,,,,0.2211283984281017,,,,0.2177216417061132
51,China,China,Segment_Information,,,Reported.Segment_Information.China,Financial_Statements.Geographic_Data.China,data_field,Yes,,,,,,,,,,,,,,,,0.11989066217552864,,,,0.13332644863240334
52,Japan,Japan,Segment_Information,,,Reported.Segment_Information.Japan,Financial_Statements.Geographic_Data.Japan,data_field,Yes,,,,,,,,,,,,,,,,0.1930186863421285,,,,0.2203666314001374
53,Other Asian countries,Other_Asian_Countries,Segment_Information,,,Reported.Segment_Information.Other_Asian_Countries,Financial_Statements.Geographic_Data.Other_Asia,data_field,Yes,,,,,,,,,,,,,,,,0.10230037158820542,,,,0.07784699946467938
54,Rest of World,Rest_Of_World,Segment_Information,,,Reported.Segment_Information.Rest_Of_World,Financial_Statements.Geographic_Data.Rest_Of_World,data_field,Yes,,,,,,,,,,,,,,,,0.0028069612639345575,,,,0.008343836014854094
55,Total,Total,Segment_Information,,,Reported.Segment_Information.Total,Income_Statement.Totals.Total,data_field,Yes,,,,,,,,,,,,,,,,1,,,,1
57,End market mix (%),End_Market_Mix,Segment_Information,,,Reported.Segment_Information.End_Market_Mix,Reported.Segment_Information.End_Market_Mix,data_field,No,,,,,,,,,,,,,,,,,,,,
58,Materials Processing,Materials_Processing,Segment_Information,,,Reported.Segment_Information.Materials_Processing,Reported.Segment_Information.Materials_Processing,data_field,Yes,,,,,,,,,,,,,0.8347004140301539,0.8442032044030997,0.845035330431581,0.8421351618680996,0.8643330198683447,0.8756298052223134,0.8791422335436149,0.8840019220960964
60,Advanced Applications,Advanced_Applications,Segment_Information,,Other_Application_Of_Which,Reported.Segment_Information.Other_Application_Of_Which.Advanced_Applications,Reported.Segment_Information.Other_Application_Of_Which.Advanced_Applications,data_field,Yes,,,,,,,,,,,,,0.09147722834153582,0.08496395468589084,0.07943168693354045,0.08419547143582752,0.08235458892734948,0.06527891696035044,0.05570467121421937,0.05462377919499581
61,Communications,Communications,Segment_Information,,Other_Application_Of_Which,Reported.Segment_Information.Other_Application_Of_Which.Communications,Revenue_Statement.Application_Breakdown.Communications,data_field,Yes,,,,,,,,,,,,,0.03620810874150457,0.03364792085225642,0.0463607890210873,0.04684952014328869,0.03203345405070129,0.04086635961314862,0.046783375788555896,0.04292681281903212
62,Medical,Medical,Segment_Information,,Other_Application_Of_Which,Reported.Segment_Information.Other_Application_Of_Which.Medical,Revenue_Statement.Application_Breakdown.Medical,data_field,Yes,,,,,,,,,,,,,0.037614248886805715,0.03718492005875302,0.029172193613791225,0.02681984655278424,0.021278937153604512,0.018224918204187587,0.018369719453609833,0.018447485889875697
63,Total,Total,Segment_Information,,Other_Application_Of_Which,Reported.Segment_Information.Other_Application_Of_Which.Total,Income_Statement.Totals.Total,data_field,Yes,,,,,,,,,,,,,1,1,1,1,1,1,1,1
65,Segment mix (%),Segment_Mix,Segment_Information,,Other_Application_Of_Which,Reported.Segment_Information.Other_Application_Of_Which.Segment_Mix,Reported.Segment_Information.Other_Application_Of_Which.Segment_Mix,data_field,No,,,,,,,,,,,,,,,,,,,,
66,High-power CW lasers (1 Kilowatt or Greater),High_Power_Cw_Lasers_1_Kilowatt_Or_Greater,Segment_Information,,Other_Application_Of_Which,Reported.Segment_Information.Other_Application_Of_Which.High_Power_Cw_Lasers_1_Kilowatt_Or_Greater,Reported.Segment_Information.Other_Application_Of_Which.High_Power_Cw_Lasers_1_Kilowatt_Or_Greater,data_field,Yes,,,,,,,,,,,,,,,,,,,,
67,Medium-power CW lasers (Less Than 1 Kilowatt),Medium_Power_Cw_Lasers_Less_Than_1_Kilowatt,Segment_Information,,Other_Application_Of_Which,Reported.Segment_Information.Other_Application_Of_Which.Medium_Power_Cw_Lasers_Less_Than_1_Kilowatt,Reported.Segment_Information.Other_Application_Of_Which.Medium_Power_Cw_Lasers_Less_Than_1_Kilowatt,data_field,Yes,,,,,,,,,,,,,,,,,,,,
68,Pulsed lasers,Pulsed_Lasers,Segment_Information,,Other_Application_Of_Which,Reported.Segment_Information.Other_Application_Of_Which.Pulsed_Lasers,Reported.Segment_Information.Other_Application_Of_Which.Pulsed_Lasers,data_field,Yes,,,,,,,,,,,,,,,,,,,,
69,QCW lasers,Qcw_Lasers,Segment_Information,,Other_Application_Of_Which,Reported.Segment_Information.Other_Application_Of_Which.Qcw_Lasers,Reported.Segment_Information.Other_Application_Of_Which.Qcw_Lasers,data_field,Yes,,,,,,,,,,,,,,,,,,,,
70,Systems,Systems,Segment_Information,,Other_Application_Of_Which,Reported.Segment_Information.Other_Application_Of_Which.Systems,Revenue_Statement.Product_Type_Breakdown.Systems_And_Other,data_field,Yes,,,,,,,,,,,,,,,,,,,,
71,"Other revenue (amplifiers, service, parts, accessories and change in deferred)",Other_Revenue_Amplifiers_Service_Parts_Accessories_And_Change_In_Deferred,Segment_Information,,Other_Application_Of_Which,Reported.Segment_Information.Other_Application_Of_Which.Other_Revenue_Amplifiers_Service_Parts_Accessories_And_Change_In_Deferred,Income_Statement.Revenue.Other_Revenue_Amplifiers_Service_Parts_Accessories_And_Change_In_Deferred,data_field,Yes,,,,,,,,,,,,,,,,,,,,
72,Total,Total,Segment_Information,,Other_Application_Of_Which,Reported.Segment_Information.Other_Application_Of_Which.Total,Income_Statement.Totals.Total,data_field,Yes,,,,,,,,,,,,,,,,,,,,
79,Net Sales,Net_Sales,Consolidated_Income_Statement_In_000_Usd_Ytd,,,Reported.Consolidated_Income_Statement_In_000_Usd_Ytd.Net_Sales,Income_Statement.Revenue.Net_Sales,data_field,Yes,,,,,,,,,,,,,51204,118462,198271,299256,99958,221894,350958,474482
80,Cost of sales,Cost_Of_Sales,Consolidated_Income_Statement_In_000_Usd_Ytd,,,Reported.Consolidated_Income_Statement_In_000_Usd_Ytd.Cost_Of_Sales,Income_Statement.Revenue.Cost_Of_Sales,data_field,Yes,,,,,,,,,,,,,30657,67454,107332,152798,46292,101522,160127,217227
81,Gross profit,Gross_Profit,Consolidated_Income_Statement_In_000_Usd_Ytd,,,Reported.Consolidated_Income_Statement_In_000_Usd_Ytd.Gross_Profit,Income_Statement.Profitability.Gross_Profit,data_field,Yes,,,,,,,,,,,,,20547,51008,90939,146458,53666,120372,190831,257255
82,Sales and marketing,Sales_And_Marketing,Consolidated_Income_Statement_In_000_Usd_Ytd,,,Reported.Consolidated_Income_Statement_In_000_Usd_Ytd.Sales_And_Marketing,Income_Statement.Revenue.Sales_And_Marketing,data_field,Yes,,,,,,,,,,,,,4338,9270,13797,19100,4948,10795,16451,21731
83,Research and development,Research_And_Development,Consolidated_Income_Statement_In_000_Usd_Ytd,,,Reported.Consolidated_Income_Statement_In_000_Usd_Ytd.Research_And_Development,Reported.Consolidated_Income_Statement_In_000_Usd_Ytd.Research_And_Development,data_field,Yes,,,,,,,,,,,,,4158,8887,13868,19160,5731,12341,18842,25422
84,General and administrative,General_And_Administrative,Consolidated_Income_Statement_In_000_Usd_Ytd,,,Reported.Consolidated_Income_Statement_In_000_Usd_Ytd.General_And_Administrative,Reported.Consolidated_Income_Statement_In_000_Usd_Ytd.General_And_Administrative,data_field,Yes,,,,,,,,,,,,,6828,14212,22012,28645,8169,16502,27499,37442
85,Loss (gain) on foreign exchange and others,Loss_Gain_On_Foreign_Exchange_And_Others,Consolidated_Income_Statement_In_000_Usd_Ytd,,,Reported.Consolidated_Income_Statement_In_000_Usd_Ytd.Loss_Gain_On_Foreign_Exchange_And_Others,Reported.Consolidated_Income_Statement_In_000_Usd_Ytd.Loss_Gain_On_Foreign_Exchange_And_Others,data_field,Yes,,,,,,,,,,,,,-108,-2403,-325,-848,720,514,-1413,-2862
86,Total operating expenses,Total_Operating_Expenses,Consolidated_Income_Statement_In_000_Usd_Ytd,,,Reported.Consolidated_Income_Statement_In_000_Usd_Ytd.Total_Operating_Expenses,Income_Statement.Expenses.Total_Operating_Expenses,data_field,Yes,,,,,,,,,,,,,15216,29966,49352,66057,19568,40152,61379,81733
87,Operating Income,Operating_Income,Consolidated_Income_Statement_In_000_Usd_Ytd,,,Reported.Consolidated_Income_Statement_In_000_Usd_Ytd.Operating_Income,Income_Statement.Profitability.Operating_Income,data_field,Yes,,,,,,,,,,,,,5331,21042,41587,80401,34098,80220,129452,175522
88,"Interest income (expense), net",Interest_Income_Expense_Net,Consolidated_Income_Statement_In_000_Usd_Ytd,,,Reported.Consolidated_Income_Statement_In_000_Usd_Ytd.Interest_Income_Expense_Net,Income_Statement.Expenses.Interest_Income_Expense_Net,data_field,Yes,,,,,,,,,,,,,-208,-399,-749,-1188,-206,-376,-585,-681
89,"Other income (expense), net",Other_Income_Expense_Net,Consolidated_Income_Statement_In_000_Usd_Ytd,,,Reported.Consolidated_Income_Statement_In_000_Usd_Ytd.Other_Income_Expense_Net,Income_Statement.Expenses.Other_Income_Expense_Net,data_field,Yes,,,,,,,,,,,,,-66,-92,-414,39,8,-610,-465,-257
90,"Total other income (expense), net",Total_Other_Income_Expense_Net,Consolidated_Income_Statement_In_000_Usd_Ytd,,,Reported.Consolidated_Income_Statement_In_000_Usd_Ytd.Total_Other_Income_Expense_Net,Income_Statement.Expenses.Total_Other_Income_Expense_Net,data_field,Yes,,,,,,,,,,,,,-274,-491,-1163,-1149,-198,-986,-1050,-938
91,Income before provision for income taxes,Income_Before_Provision_For_Income_Taxes,Consolidated_Income_Statement_In_000_Usd_Ytd,,,Reported.Consolidated_Income_Statement_In_000_Usd_Ytd.Income_Before_Provision_For_Income_Taxes,Income_Statement.Profitability.Income_Before_Provision_For_Income_Taxes,data_field,Yes,,,,,,,,,,,,,5057,20551,40424,79252,33900,79234,128402,174584
92,Provision for income taxes,Provision_For_Income_Taxes,Consolidated_Income_Statement_In_000_Usd_Ytd,,,Reported.Consolidated_Income_Statement_In_000_Usd_Ytd.Provision_For_Income_Taxes,Income_Statement.Profitability.Provision_For_Income_Taxes,data_field,Yes,,,,,,,,,,,,,-1633,-6782,-13340,-24900,-10522,-24349,-39248,-53575
93,Net income,Net_Income,Consolidated_Income_Statement_In_000_Usd_Ytd,,,Reported.Consolidated_Income_Statement_In_000_Usd_Ytd.Net_Income,Income_Statement.Profitability.Net_Income,data_field,Yes,,,,,,,,,,,,,3424,13769,27084,54352,23378,54885,89154,121009
94,Less: Net loss attributable to noncontrolling interests,Less_Net_Loss_Attributable_To_Noncontrolling_Interests,Consolidated_Income_Statement_In_000_Usd_Ytd,,,Reported.Consolidated_Income_Statement_In_000_Usd_Ytd.Less_Net_Loss_Attributable_To_Noncontrolling_Interests,Reported.Consolidated_Income_Statement_In_000_Usd_Ytd.Less_Net_Loss_Attributable_To_Noncontrolling_Interests,data_field,Yes,,,,,,,,,,,,,27,66,155,361,310,1081,2481,3250
95,Net income attributable to IPG Photonics Corporation,Net_Income_Attributable_To_Ipg_Photonics_Corporation,Consolidated_Income_Statement_In_000_Usd_Ytd,,,Reported.Consolidated_Income_Statement_In_000_Usd_Ytd.Net_Income_Attributable_To_Ipg_Photonics_Corporation,Income_Statement.Profitability.Net_Income_Attributable_To_Ipg_Photonics_Corporation,data_field,Yes,,,,,,,,,,,,,3397,13703,26929,53991,23068,53804,86673,117759
96,Net income attributable to IPG Photonics Corporation per share,Net_Income_Attributable_To_Ipg_Photonics_Corporation_Per_Share,Consolidated_Income_Statement_In_000_Usd_Ytd,,,Reported.Consolidated_Income_Statement_In_000_Usd_Ytd.Net_Income_Attributable_To_Ipg_Photonics_Corporation_Per_Share,Income_Statement.Profitability.Net_Income_Attributable_To_Ipg_Photonics_Corporation_Per_Share,data_field,No,,,,,,,,,,,,,,,,,,,,
97,Basic,Basic,Consolidated_Income_Statement_In_000_Usd_Ytd,,,Reported.Consolidated_Income_Statement_In_000_Usd_Ytd.Basic,Reported.Consolidated_Income_Statement_In_000_Usd_Ytd.Basic,data_field,Yes,,,,,,,,,,,,,0.07,0.3,0.58,1.16,0.49,1.14,1.82,2.48
98,Diluted,Diluted,Consolidated_Income_Statement_In_000_Usd_Ytd,,,Reported.Consolidated_Income_Statement_In_000_Usd_Ytd.Diluted,Reported.Consolidated_Income_Statement_In_000_Usd_Ytd.Diluted,data_field,Yes,,,,,,,,,,,,,0.07,0.29,0.57,1.13,0.47,1.11,1.77,2.41
99,Weighted average share outstanding,Weighted_Average_Share_Outstanding,Consolidated_Income_Statement_In_000_Usd_Ytd,,,Reported.Consolidated_Income_Statement_In_000_Usd_Ytd.Weighted_Average_Share_Outstanding,Reported.Consolidated_Income_Statement_In_000_Usd_Ytd.Weighted_Average_Share_Outstanding,data_field,No,,,,,,,,,,,,,,,,,,,,
100,Basic,Basic,Consolidated_Income_Statement_In_000_Usd_Ytd,,,Reported.Consolidated_Income_Statement_In_000_Usd_Ytd.Basic,Reported.Consolidated_Income_Statement_In_000_Usd_Ytd.Basic,data_field,Yes,,,,,,,,,,,,,46098,46159,46285,46424,47099,47205,47298,47365
101,Diluted,Diluted,Consolidated_Income_Statement_In_000_Usd_Ytd,,,Reported.Consolidated_Income_Statement_In_000_Usd_Ytd.Diluted,Reported.Consolidated_Income_Statement_In_000_Usd_Ytd.Diluted,data_field,Yes,,,,,,,,,,,,,47191,47262,47410,47594,48690,48650,48684,48685
103,Net income,Net_Income,Consolidated_Income_Statement_In_000_Usd_Ytd,,,Reported.Consolidated_Income_Statement_In_000_Usd_Ytd.Net_Income,Income_Statement.Profitability.Net_Income,data_field,Yes,,,,,,,,,,,,,3424,13769,27084,54352,23378,54885,89154,121009
104,Translation adjustments,Translation_Adjustments,Consolidated_Income_Statement_In_000_Usd_Ytd,,,Reported.Consolidated_Income_Statement_In_000_Usd_Ytd.Translation_Adjustments,Reported.Consolidated_Income_Statement_In_000_Usd_Ytd.Translation_Adjustments,data_field,Yes,,,,,,,,,,,,,-8452,-20664,-7162,-10662,12965,17335,-5324,-15167
105,Change in carrying value of auction rate securities,Change_In_Carrying_Value_Of_Auction_Rate_Securities,Consolidated_Income_Statement_In_000_Usd_Ytd,,,Reported.Consolidated_Income_Statement_In_000_Usd_Ytd.Change_In_Carrying_Value_Of_Auction_Rate_Securities,Reported.Consolidated_Income_Statement_In_000_Usd_Ytd.Change_In_Carrying_Value_Of_Auction_Rate_Securities,data_field,Yes,,,,,,,,,,,,,0,0,0,-27,0,0,363,232
106,Unrealized gain on derivatives,Unrealized_Gain_On_Derivatives,Consolidated_Income_Statement_In_000_Usd_Ytd,,,Reported.Consolidated_Income_Statement_In_000_Usd_Ytd.Unrealized_Gain_On_Derivatives,Reported.Consolidated_Income_Statement_In_000_Usd_Ytd.Unrealized_Gain_On_Derivatives,data_field,Yes,,,,,,,,,,,,,-72,-182,-232,0,115,13,-111,-42
107,Unrealized loss on available-for-sale investments,Unrealized_Loss_On_Available_For_Sale_Investments,Consolidated_Income_Statement_In_000_Usd_Ytd,,,Reported.Consolidated_Income_Statement_In_000_Usd_Ytd.Unrealized_Loss_On_Available_For_Sale_Investments,Reported.Consolidated_Income_Statement_In_000_Usd_Ytd.Unrealized_Loss_On_Available_For_Sale_Investments,data_field,Yes,,,,,,,,,,,,,0,0,0,0,0,0,0,0
108,"Total other comprehensive income (loss), net of tax",Total_Other_Comprehensive_Income_Loss_Net_Of_Tax,Consolidated_Income_Statement_In_000_Usd_Ytd,,,Reported.Consolidated_Income_Statement_In_000_Usd_Ytd.Total_Other_Comprehensive_Income_Loss_Net_Of_Tax,Income_Statement.Profitability.Total_Other_Comprehensive_Income_Loss_Net_Of_Tax,data_field,Yes,,,,,,,,,,,,,-8524,-20846,-7394,-10689,13080,17348,-5072,-14977
109,Comprehensive income,Comprehensive_Income,Consolidated_Income_Statement_In_000_Usd_Ytd,,,Reported.Consolidated_Income_Statement_In_000_Usd_Ytd.Comprehensive_Income,Income_Statement.Profitability.Comprehensive_Income,data_field,Yes,,,,,,,,,,,,,-5100,-7077,19690,43663,36458,72233,84082,106032
110,Comprehensive (loss) income attributable to noncontrolling interest,Comprehensive_Loss_Income_Attributable_To_Noncontrolling_Interest,Consolidated_Income_Statement_In_000_Usd_Ytd,,,Reported.Consolidated_Income_Statement_In_000_Usd_Ytd.Comprehensive_Loss_Income_Attributable_To_Noncontrolling_Interest,Income_Statement.Profitability.Comprehensive_Loss_Income_Attributable_To_Noncontrolling_Interest,data_field,Yes,,,,,,,,,,,,,0,0,0,-32,0,2239,666,1183
111,Comprehensive income attributable to IPG Photonics Corporation,Comprehensive_Income_Attributable_To_Ipg_Photonics_Corporation,Consolidated_Income_Statement_In_000_Usd_Ytd,,,Reported.Consolidated_Income_Statement_In_000_Usd_Ytd.Comprehensive_Income_Attributable_To_Ipg_Photonics_Corporation,Income_Statement.Profitability.Comprehensive_Income_Attributable_To_Ipg_Photonics_Corporation,data_field,Yes,,,,,,,,,,,,,-5100,-7077,19690,43695,36458,69994,83416,104849
113,Check,Check,Consolidated_Income_Statement_In_000_Usd_Ytd,,,Reported.Consolidated_Income_Statement_In_000_Usd_Ytd.Check,Reported.Consolidated_Income_Statement_In_000_Usd_Ytd.Check,data_field,Yes,,,,,,,,,,,,,0,0,0,0,0,0,0,0
114,Check,Check,Consolidated_Income_Statement_In_000_Usd_Ytd,,,Reported.Consolidated_Income_Statement_In_000_Usd_Ytd.Check,Reported.Consolidated_Income_Statement_In_000_Usd_Ytd.Check,data_field,Yes,,,,,,,,,,,,,0,0,0,0,0,0,0,0
115,Check,Check,Consolidated_Income_Statement_In_000_Usd_Ytd,,,Reported.Consolidated_Income_Statement_In_000_Usd_Ytd.Check,Reported.Consolidated_Income_Statement_In_000_Usd_Ytd.Check,data_field,Yes,,,,,,,,,,,,,0,0,0,0,0,0,0.01,0.01
116,Check,Check,Consolidated_Income_Statement_In_000_Usd_Ytd,,,Reported.Consolidated_Income_Statement_In_000_Usd_Ytd.Check,Reported.Consolidated_Income_Statement_In_000_Usd_Ytd.Check,data_field,Yes,,,,,,,,,,,,,0,0,0,0,0,0,0,0
123,Cash and cash equivalents,Cash_And_Cash_Equivalents,Consolidated_Balance_Sheet_In_000_Usd,,,Reported.Consolidated_Balance_Sheet_In_000_Usd.Cash_And_Cash_Equivalents,Balance_Sheet.Assets.Cash_And_Cash_Equivalents,data_field,Yes,,,,,,,,,,,,,84407,90655,96630,147860,160618,188196,196586,180234
124,Short-term investments,Short_Term_Investments,Consolidated_Balance_Sheet_In_000_Usd,,,Reported.Consolidated_Balance_Sheet_In_000_Usd.Short_Term_Investments,Reported.Consolidated_Balance_Sheet_In_000_Usd.Short_Term_Investments,data_field,Yes,,,,,,,,,,,,,0,0,0,0,0,0,0,25451
125,"Accounts receivable, net",Accounts_Receivable_Net,Consolidated_Balance_Sheet_In_000_Usd,,,Reported.Consolidated_Balance_Sheet_In_000_Usd.Accounts_Receivable_Net,Balance_Sheet.Assets.Accounts_Receivable_Net,data_field,Yes,,,,,,,,,,,,,30078,39907,53720,55399,57970,73284,80361,75755
126,Inventories,Inventories,Consolidated_Balance_Sheet_In_000_Usd,,,Reported.Consolidated_Balance_Sheet_In_000_Usd.Inventories,Reported.Consolidated_Balance_Sheet_In_000_Usd.Inventories,data_field,Yes,,,,,,,,,,,,,52135,54029,64898,72470,88698,109273,117276,116978
127,Prepaid income taxes,Prepaid_Income_Taxes,Consolidated_Balance_Sheet_In_000_Usd,,,Reported.Consolidated_Balance_Sheet_In_000_Usd.Prepaid_Income_Taxes,Reported.Consolidated_Balance_Sheet_In_000_Usd.Prepaid_Income_Taxes,data_field,Yes,,,,,,,,,,,,,3193,2960,5199,2663,2376,4419,14494,13285
128,Prepaid expenses and others,Prepaid_Expenses_And_Others,Consolidated_Balance_Sheet_In_000_Usd,,,Reported.Consolidated_Balance_Sheet_In_000_Usd.Prepaid_Expenses_And_Others,Reported.Consolidated_Balance_Sheet_In_000_Usd.Prepaid_Expenses_And_Others,data_field,Yes,,,,,,,,,,,,,6095,7191,10792,13816,17834,17179,13532,11855
131,"Deferred income taxes, net",Deferred_Income_Taxes_Net,Consolidated_Balance_Sheet_In_000_Usd,Total_Current_Assets,,Reported.Consolidated_Balance_Sheet_In_000_Usd.Total_Current_Assets.Deferred_Income_Taxes_Net,Reported.Consolidated_Balance_Sheet_In_000_Usd.Total_Current_Assets.Deferred_Income_Taxes_Net,data_field,Yes,,,,,,,,,,,,,4548,5326,6017,4489,4485,4267,4763,4830
132,Goodwill,Goodwill,Consolidated_Balance_Sheet_In_000_Usd,Total_Current_Assets,,Reported.Consolidated_Balance_Sheet_In_000_Usd.Total_Current_Assets.Goodwill,Reported.Consolidated_Balance_Sheet_In_000_Usd.Total_Current_Assets.Goodwill,data_field,Yes,,,,,,,,,,,,,0,0,0,0,0,0,0,0
133,"Intangible assets, net",Intangible_Assets_Net,Consolidated_Balance_Sheet_In_000_Usd,Total_Current_Assets,,Reported.Consolidated_Balance_Sheet_In_000_Usd.Total_Current_Assets.Intangible_Assets_Net,Balance_Sheet.Assets.Intangible_Assets_Net,data_field,Yes,,,,,,,,,,,,,0,0,0,7131,8104,7736,6954,6157
134,"Property, plant and equipment, net",Property_Plant_And_Equipment_Net,Consolidated_Balance_Sheet_In_000_Usd,Total_Current_Assets,,Reported.Consolidated_Balance_Sheet_In_000_Usd.Total_Current_Assets.Property_Plant_And_Equipment_Net,Reported.Consolidated_Balance_Sheet_In_000_Usd.Total_Current_Assets.Property_Plant_And_Equipment_Net,data_field,Yes,,,,,,,,,,,,,109639,106106,111847,120683,131300,141902,143339,155202
136,Total assets,Total_Assets,Consolidated_Balance_Sheet_In_000_Usd,Other_Non_Current_Assets,,Reported.Consolidated_Balance_Sheet_In_000_Usd.Other_Non_Current_Assets.Total_Assets,Balance_Sheet.Assets.Total_Assets,data_field,Yes,,,,,,,,,,,,,315207,333724,373976,441855,489567,561381,596324,608132
138,Current portion of long-term debt,Current_Portion_Of_Long_Term_Debt,Consolidated_Balance_Sheet_In_000_Usd,Other_Non_Current_Assets,,Reported.Consolidated_Balance_Sheet_In_000_Usd.Other_Non_Current_Assets.Current_Portion_Of_Long_Term_Debt,Balance_Sheet.Liabilities.Current_Portion_Of_Long_Term_Debt,data_field,Yes,,,,,,,,,,,,,1333,1333,1333,1333,1531,1586,1546,1613
139,Accounts payable,Accounts_Payable,Consolidated_Balance_Sheet_In_000_Usd,Other_Non_Current_Assets,,Reported.Consolidated_Balance_Sheet_In_000_Usd.Other_Non_Current_Assets.Accounts_Payable,Balance_Sheet.Liabilities.Accounts_Payable,data_field,Yes,,,,,,,,,,,,,5824,10427,10663,9510,12526,14884,15241,11122
140,Accrued expenses and other liabilities,Accrued_Expenses_And_Other_Liabilities,Consolidated_Balance_Sheet_In_000_Usd,Other_Non_Current_Assets,,Reported.Consolidated_Balance_Sheet_In_000_Usd.Other_Non_Current_Assets.Accrued_Expenses_And_Other_Liabilities,Reported.Consolidated_Balance_Sheet_In_000_Usd.Other_Non_Current_Assets.Accrued_Expenses_And_Other_Liabilities,data_field,Yes,,,,,,,,,,,,,25316,35287,41726,50105,47512,50732,51248,47285
141,Income taxes payable,Income_Taxes_Payable,Consolidated_Balance_Sheet_In_000_Usd,Other_Non_Current_Assets,,Reported.Consolidated_Balance_Sheet_In_000_Usd.Other_Non_Current_Assets.Income_Taxes_Payable,Balance_Sheet.Liabilities.Income_Taxes_Payable,data_field,Yes,,,,,,,,,,,,,4236,7408,10025,11594,7688,7555,29029,21230
145,"Long-term debt, net of current portion",Long_Term_Debt_Net_Of_Current_Portion,Consolidated_Balance_Sheet_In_000_Usd,Deferred_Income_Taxes_And_Other_Non_Current_Liabilities,,Reported.Consolidated_Balance_Sheet_In_000_Usd.Deferred_Income_Taxes_And_Other_Non_Current_Liabilities.Long_Term_Debt_Net_Of_Current_Portion,Balance_Sheet.Liabilities.Long_Term_Debt_Net_Of_Current_Portion,data_field,Yes,,,,,,,,,,,,,16333,16649,16382,15644,17112,16758,16296,15726
146,Total liabilities,Total_Liabilities,Consolidated_Balance_Sheet_In_000_Usd,Deferred_Income_Taxes_And_Other_Non_Current_Liabilities,,Reported.Consolidated_Balance_Sheet_In_000_Usd.Deferred_Income_Taxes_And_Other_Non_Current_Liabilities.Total_Liabilities,Financial_Statements.Totals.Total_Liabilities,data_field,Yes,,,,,,,,,,,,,62755,81401,88524,125052,129118,158977,177361,118399
149,"Treasury stock, at cost",Treasury_Stock_At_Cost,Consolidated_Balance_Sheet_In_000_Usd,Deferred_Income_Taxes_And_Other_Non_Current_Liabilities,,Reported.Consolidated_Balance_Sheet_In_000_Usd.Deferred_Income_Taxes_And_Other_Non_Current_Liabilities.Treasury_Stock_At_Cost,Reported.Consolidated_Balance_Sheet_In_000_Usd.Deferred_Income_Taxes_And_Other_Non_Current_Liabilities.Treasury_Stock_At_Cost,data_field,Yes,,,,,,,,,,,,,0,0,0,0,0,0,0,0
150,Additional paid-in capital,Additional_Paid_In_Capital,Consolidated_Balance_Sheet_In_000_Usd,Deferred_Income_Taxes_And_Other_Non_Current_Liabilities,,Reported.Consolidated_Balance_Sheet_In_000_Usd.Deferred_Income_Taxes_And_Other_Non_Current_Liabilities.Additional_Paid_In_Capital,Balance_Sheet.Equity.Additional_Paid_In_Capital,data_field,Yes,,,,,,,,,,,,,294724,296572,302934,310218,317709,325783,329416,332585
151,Retained earnings,Retained_Earnings,Consolidated_Balance_Sheet_In_000_Usd,Deferred_Income_Taxes_And_Other_Non_Current_Liabilities,,Reported.Consolidated_Balance_Sheet_In_000_Usd.Deferred_Income_Taxes_And_Other_Non_Current_Liabilities.Retained_Earnings,Balance_Sheet.Equity.Retained_Earnings,data_field,Yes,,,,,,,,,,,,,-45027,-34721,-21495,5567,28635,59371,91753,122833
152,Accumulated other comprehensive loss,Accumulated_Other_Comprehensive_Loss,Consolidated_Balance_Sheet_In_000_Usd,Deferred_Income_Taxes_And_Other_Non_Current_Liabilities,,Reported.Consolidated_Balance_Sheet_In_000_Usd.Deferred_Income_Taxes_And_Other_Non_Current_Liabilities.Accumulated_Other_Comprehensive_Loss,Reported.Consolidated_Balance_Sheet_In_000_Usd.Deferred_Income_Taxes_And_Other_Non_Current_Liabilities.Accumulated_Other_Comprehensive_Loss,data_field,Yes,,,,,,,,,,,,,2582,-9740,3712,810,13890,17000,-2447,-12100
154,Noncontrolling interests,Noncontrolling_Interests,Consolidated_Balance_Sheet_In_000_Usd,Total_Ipg_Photonics_Corporation_Equity,,Reported.Consolidated_Balance_Sheet_In_000_Usd.Total_Ipg_Photonics_Corporation_Equity.Noncontrolling_Interests,Reported.Consolidated_Balance_Sheet_In_000_Usd.Total_Ipg_Photonics_Corporation_Equity.Noncontrolling_Interests,data_field,Yes,,,,,,,,,,,,,168,207,296,203,210,245,236,46410
158,Check,Check,Consolidated_Balance_Sheet_In_000_Usd,Total_Equity_And_Liabillities,,Reported.Consolidated_Balance_Sheet_In_000_Usd.Total_Equity_And_Liabillities.Check,Reported.Consolidated_Balance_Sheet_In_000_Usd.Total_Equity_And_Liabillities.Check,data_field,Yes,0,0,0,0,0,0,0,0,0,0,0,0,0,0,0,0,0,0,0,0
159,Check,Check,Consolidated_Balance_Sheet_In_000_Usd,Total_Equity_And_Liabillities,,Reported.Consolidated_Balance_Sheet_In_000_Usd.Total_Equity_And_Liabillities.Check,Reported.Consolidated_Balance_Sheet_In_000_Usd.Total_Equity_And_Liabillities.Check,data_field,Yes,0,0,0,0,0,0,0,0,0,0,0,0,0,0,0,0,0,0,0,0
160,Check,Check,Consolidated_Balance_Sheet_In_000_Usd,Total_Equity_And_Liabillities,,Reported.Consolidated_Balance_Sheet_In_000_Usd.Total_Equity_And_Liabillities.Check,Reported.Consolidated_Balance_Sheet_In_000_Usd.Total_Equity_And_Liabillities.Check,data_field,Yes,0,0,0,0,0,0,0,0,0,0,0,0,0,0,0,0,0,0,0,0
161,Check,Check,Consolidated_Balance_Sheet_In_000_Usd,Total_Equity_And_Liabillities,,Reported.Consolidated_Balance_Sheet_In_000_Usd.Total_Equity_And_Liabillities.Check,Reported.Consolidated_Balance_Sheet_In_000_Usd.Total_Equity_And_Liabillities.Check,data_field,Yes,0,0,0,0,0,0,0,0,0,0,0,0,0,0,0,0,0,0,0,0
162,Check,Check,Consolidated_Balance_Sheet_In_000_Usd,Total_Equity_And_Liabillities,,Reported.Consolidated_Balance_Sheet_In_000_Usd.Total_Equity_And_Liabillities.Check,Reported.Consolidated_Balance_Sheet_In_000_Usd.Total_Equity_And_Liabillities.Check,data_field,Yes,0,0,0,0,0,0,0,0,0,0,0,0,0,0,0,0,0,0,0,0
163,Check,Check,Consolidated_Balance_Sheet_In_000_Usd,Total_Equity_And_Liabillities,,Reported.Consolidated_Balance_Sheet_In_000_Usd.Total_Equity_And_Liabillities.Check,Reported.Consolidated_Balance_Sheet_In_000_Usd.Total_Equity_And_Liabillities.Check,data_field,Yes,0,0,0,0,0,0,0,0,0,0,0,0,0,0,0,0,0,0,0,0
171,Net income,Net_Income,Cash_Flows_From_Operating_Activities,,,Reported.Cash_Flows_From_Operating_Activities.Net_Income,Reported.Cash_Flows_From_Operating_Activities.Net_Income,data_field,Yes,,,,,,,,,,,,,3424,13769,27084,54352,23378,54885,89154,121009
173,Depreciation and amortization,Depreciation_And_Amortization,Cash_Flows_From_Operating_Activities,Adjustments_To_Reconcile_Net_Income_To_Net_Cash_Provided_By_Operating_Activities,,Reported.Cash_Flows_From_Operating_Activities.Adjustments_To_Reconcile_Net_Income_To_Net_Cash_Provided_By_Operating_Activities.Depreciation_And_Amortization,CashFlow_Statement.Operating_Activities.Depreciation_And_Amortization,data_field,Yes,,,,,,,,,,,,,5226,10514,16098,21845,5658,11955,18182,23962
174,Deferred income taxes,Deferred_Income_Taxes,Cash_Flows_From_Operating_Activities,Adjustments_To_Reconcile_Net_Income_To_Net_Cash_Provided_By_Operating_Activities,,Reported.Cash_Flows_From_Operating_Activities.Adjustments_To_Reconcile_Net_Income_To_Net_Cash_Provided_By_Operating_Activities.Deferred_Income_Taxes,CashFlow_Statement.Operating_Activities.Deferred_Income_Taxes,data_field,Yes,,,,,,,,,,,,,-2409,-2766,-2073,401,5201,6624,564,-288
175,Stock-based compensation,Stock_Based_Compensation,Cash_Flows_From_Operating_Activities,Adjustments_To_Reconcile_Net_Income_To_Net_Cash_Provided_By_Operating_Activities,,Reported.Cash_Flows_From_Operating_Activities.Adjustments_To_Reconcile_Net_Income_To_Net_Cash_Provided_By_Operating_Activities.Stock_Based_Compensation,CashFlow_Statement.Operating_Activities.Stock_Based_Compensation,data_field,Yes,,,,,,,,,,,,,770,1563,2478,3196,2607,4301,6180,8048
176,Unrealized losses (gains) on foreign currency transactions,Unrealized_Losses_Gains_On_Foreign_Currency_Transactions,Cash_Flows_From_Operating_Activities,Adjustments_To_Reconcile_Net_Income_To_Net_Cash_Provided_By_Operating_Activities,,Reported.Cash_Flows_From_Operating_Activities.Adjustments_To_Reconcile_Net_Income_To_Net_Cash_Provided_By_Operating_Activities.Unrealized_Losses_Gains_On_Foreign_Currency_Transactions,CashFlow_Statement.Operating_Activities.Unrealized_Losses_Gains_On_Foreign_Currency_Transactions,data_field,Yes,,,,,,,,,,,,,-106,-2403,-325,-888,744,551,-182,-764
177,Other,Other,Cash_Flows_From_Operating_Activities,Adjustments_To_Reconcile_Net_Income_To_Net_Cash_Provided_By_Operating_Activities,,Reported.Cash_Flows_From_Operating_Activities.Adjustments_To_Reconcile_Net_Income_To_Net_Cash_Provided_By_Operating_Activities.Other,CashFlow_Statement.Operating_Activities.Other,data_field,Yes,,,,,,,,,,,,,-10,-51,142,1184,-293,530,548,565
178,"Provisions for inventory, warranty and bad debt",Provisions_For_Inventory_Warranty_And_Bad_Debt,Cash_Flows_From_Operating_Activities,Adjustments_To_Reconcile_Net_Income_To_Net_Cash_Provided_By_Operating_Activities,,Reported.Cash_Flows_From_Operating_Activities.Adjustments_To_Reconcile_Net_Income_To_Net_Cash_Provided_By_Operating_Activities.Provisions_For_Inventory_Warranty_And_Bad_Debt,CashFlow_Statement.Operating_Activities.Provisions_For_Inventory_Warranty_And_Bad_Debt,data_field,Yes,,,,,,,,,,,,,1718,4475,8110,11377,3806,7056,11859,15346
180,Accounts receivable,Accounts_Receivable,Cash_Flows_From_Operating_Activities,Adjustments_To_Reconcile_Net_Income_To_Net_Cash_Provided_By_Operating_Activities,Changes_In_Assets_And_Liabilities_That_Used_Provided_Cash_Net_Of_Acquisitions,Reported.Cash_Flows_From_Operating_Activities.Adjustments_To_Reconcile_Net_Income_To_Net_Cash_Provided_By_Operating_Activities.Changes_In_Assets_And_Liabilities_That_Used_Provided_Cash_Net_Of_Acquisitions.Accounts_Receivable,CashFlow_Statement.Operating_Activities.Accounts_Receivable,data_field,Yes,,,,,,,,,,,,,-897,-12740,-24105,-27308,-2086,-16928,-26221,-23688
181,Inventories,Inventories,Cash_Flows_From_Operating_Activities,Adjustments_To_Reconcile_Net_Income_To_Net_Cash_Provided_By_Operating_Activities,Changes_In_Assets_And_Liabilities_That_Used_Provided_Cash_Net_Of_Acquisitions,Reported.Cash_Flows_From_Operating_Activities.Adjustments_To_Reconcile_Net_Income_To_Net_Cash_Provided_By_Operating_Activities.Changes_In_Assets_And_Liabilities_That_Used_Provided_Cash_Net_Of_Acquisitions.Inventories,CashFlow_Statement.Operating_Activities.Inventories,data_field,Yes,,,,,,,,,,,,,-3349,-9515,-18005,-27018,-13720,-35193,-52261,-56139
183,Accounts payable,Accounts_Payable,Cash_Flows_From_Operating_Activities,Prepaid_Expenses_And_Other_Current_Assets,,Reported.Cash_Flows_From_Operating_Activities.Prepaid_Expenses_And_Other_Current_Assets.Accounts_Payable,Reported.Cash_Flows_From_Operating_Activities.Prepaid_Expenses_And_Other_Current_Assets.Accounts_Payable,data_field,Yes,,,,,,,,,,,,,-399,4191,3470,3411,3129,4888,5475,1985
184,Accrued expenses and other liabilities,Accrued_Expenses_And_Other_Liabilities,Cash_Flows_From_Operating_Activities,Prepaid_Expenses_And_Other_Current_Assets,,Reported.Cash_Flows_From_Operating_Activities.Prepaid_Expenses_And_Other_Current_Assets.Accrued_Expenses_And_Other_Liabilities,Reported.Cash_Flows_From_Operating_Activities.Prepaid_Expenses_And_Other_Current_Assets.Accrued_Expenses_And_Other_Liabilities,data_field,Yes,,,,,,,,,,,,,3634,13237,15962,22119,-5975,-2693,-2473,-6811
185,Income and other taxes payable,Income_And_Other_Taxes_Payable,Cash_Flows_From_Operating_Activities,Prepaid_Expenses_And_Other_Current_Assets,,Reported.Cash_Flows_From_Operating_Activities.Prepaid_Expenses_And_Other_Current_Assets.Income_And_Other_Taxes_Payable,Reported.Cash_Flows_From_Operating_Activities.Prepaid_Expenses_And_Other_Current_Assets.Income_And_Other_Taxes_Payable,data_field,Yes,,,,,,,,,,,,,236,2773,1540,12911,-4577,1829,14428,12929
186,Tax benefit from exercise of employee stock options,Tax_Benefit_From_Exercise_Of_Employee_Stock_Options,Cash_Flows_From_Operating_Activities,Prepaid_Expenses_And_Other_Current_Assets,,Reported.Cash_Flows_From_Operating_Activities.Prepaid_Expenses_And_Other_Current_Assets.Tax_Benefit_From_Exercise_Of_Employee_Stock_Options,Reported.Cash_Flows_From_Operating_Activities.Prepaid_Expenses_And_Other_Current_Assets.Tax_Benefit_From_Exercise_Of_Employee_Stock_Options,data_field,Yes,,,,,,,,,,,,,0,0,0,-7443,0,-6258,-7510,-8033
190,"Purchases of property, plant and equipment",Purchases_Of_Property_Plant_And_Equipment,Cash_Flows_From_Investing_Activities,,,Reported.Cash_Flows_From_Investing_Activities.Purchases_Of_Property_Plant_And_Equipment,Reported.Cash_Flows_From_Investing_Activities.Purchases_Of_Property_Plant_And_Equipment,data_field,Yes,,,,,,,,,,,,,-4953,-8701,-14201,-28374,-9587,-22786,-34750,-53007
191,Purchase of intangible assets,Purchase_Of_Intangible_Assets,Cash_Flows_From_Investing_Activities,,,Reported.Cash_Flows_From_Investing_Activities.Purchase_Of_Intangible_Assets,Reported.Cash_Flows_From_Investing_Activities.Purchase_Of_Intangible_Assets,data_field,Yes,,,,,,,,,,,,0,0,0,0,0,0,0,0,0
192,"Proceeds from sales of property, plant and equipment",Proceeds_From_Sales_Of_Property_Plant_And_Equipment,Cash_Flows_From_Investing_Activities,,,Reported.Cash_Flows_From_Investing_Activities.Proceeds_From_Sales_Of_Property_Plant_And_Equipment,Reported.Cash_Flows_From_Investing_Activities.Proceeds_From_Sales_Of_Property_Plant_And_Equipment,data_field,Yes,,,,,,,,,,,,0,0,0,0,0,0,0,0,0
193,Proceeds from short-term investments,Proceeds_From_Short_Term_Investments,Cash_Flows_From_Investing_Activities,,,Reported.Cash_Flows_From_Investing_Activities.Proceeds_From_Short_Term_Investments,Reported.Cash_Flows_From_Investing_Activities.Proceeds_From_Short_Term_Investments,data_field,Yes,,,,,,,,,,,,0,0,0,0,0,0,0,0,0
194,Purchases of short-term investments,Purchases_Of_Short_Term_Investments,Cash_Flows_From_Investing_Activities,,,Reported.Cash_Flows_From_Investing_Activities.Purchases_Of_Short_Term_Investments,Reported.Cash_Flows_From_Investing_Activities.Purchases_Of_Short_Term_Investments,data_field,Yes,,,,,,,,,,,,0,0,0,0,0,0,0,0,-25451
195,Acquisition of businesses,Acquisition_Of_Businesses,Cash_Flows_From_Investing_Activities,,,Reported.Cash_Flows_From_Investing_Activities.Acquisition_Of_Businesses,Reported.Cash_Flows_From_Investing_Activities.Acquisition_Of_Businesses,data_field,Yes,,,,,,,,,,,,,-748,-4108,-4108,-4108,-450,-450,-450,-750
196,Others,Others,Cash_Flows_From_Investing_Activities,,,Reported.Cash_Flows_From_Investing_Activities.Others,Reported.Cash_Flows_From_Investing_Activities.Others,data_field,Yes,,,,,,,,,,,,,181,117,171,-77,149,112,189,109
200,Proceeds from line-of-credit facilities,Proceeds_From_Line_Of_Credit_Facilities,Cash_Flows_From_Financing_Activities,,,Reported.Cash_Flows_From_Financing_Activities.Proceeds_From_Line_Of_Credit_Facilities,Reported.Cash_Flows_From_Financing_Activities.Proceeds_From_Line_Of_Credit_Facilities,data_field,Yes,,,,,,,,,,,,,4274,5543,9147,13828,3629,6951,8683,10673
201,Payments on line-of-credit facilities,Payments_On_Line_Of_Credit_Facilities,Cash_Flows_From_Financing_Activities,,,Reported.Cash_Flows_From_Financing_Activities.Payments_On_Line_Of_Credit_Facilities,Reported.Cash_Flows_From_Financing_Activities.Payments_On_Line_Of_Credit_Facilities,data_field,Yes,,,,,,,,,,,,,-3112,-5033,-10629,-13086,-4044,-6817,-8098,-10630
202,Purchase of noncontrolling interests,Purchase_Of_Noncontrolling_Interests,Cash_Flows_From_Financing_Activities,,,Reported.Cash_Flows_From_Financing_Activities.Purchase_Of_Noncontrolling_Interests,Reported.Cash_Flows_From_Financing_Activities.Purchase_Of_Noncontrolling_Interests,data_field,Yes,,,,,,,,,,,,,0,0,0,-92,0,0,0,0
204,Proceeds on long-term borrowings,Proceeds_On_Long_Term_Borrowings,Cash_Flows_From_Financing_Activities,,,Reported.Cash_Flows_From_Financing_Activities.Proceeds_On_Long_Term_Borrowings,Reported.Cash_Flows_From_Financing_Activities.Proceeds_On_Long_Term_Borrowings,data_field,Yes,,,,,,,,,,,,,0,0,0,0,0,0,0,0
205,Principal payments on long-term borrowings,Principal_Payments_On_Long_Term_Borrowings,Cash_Flows_From_Financing_Activities,,,Reported.Cash_Flows_From_Financing_Activities.Principal_Payments_On_Long_Term_Borrowings,Reported.Cash_Flows_From_Financing_Activities.Principal_Payments_On_Long_Term_Borrowings,data_field,Yes,,,,,,,,,,,,,-333,-667,-1000,-1333,-333,-666,-1046,-1432
206,Exercise of employee stock options and issuances under employee stock purchase plan,Exercise_Of_Employee_Stock_Options_And_Issuances_Under_Employee_Stock_Purchase_Plan,Cash_Flows_From_Financing_Activities,,,Reported.Cash_Flows_From_Financing_Activities.Exercise_Of_Employee_Stock_Options_And_Issuances_Under_Employee_Stock_Purchase_Plan,Reported.Cash_Flows_From_Financing_Activities.Exercise_Of_Employee_Stock_Options_And_Issuances_Under_Employee_Stock_Purchase_Plan,data_field,Yes,,,,,,,,,,,,,211,1266,6714,6298,4884,3989,4491,5268
207,Tax benefit from exercise of employee stock options,Tax_Benefit_From_Exercise_Of_Employee_Stock_Options,Cash_Flows_From_Financing_Activities,,,Reported.Cash_Flows_From_Financing_Activities.Tax_Benefit_From_Exercise_Of_Employee_Stock_Options,Reported.Cash_Flows_From_Financing_Activities.Tax_Benefit_From_Exercise_Of_Employee_Stock_Options,data_field,Yes,,,,,,,,,,,,,0,0,0,7443,0,6258,7510,8034
208,"Proceeds from follow-on public offering, net of offering expenses",Proceeds_From_Follow_On_Public_Offering_Net_Of_Offering_Expenses,Cash_Flows_From_Financing_Activities,,,Reported.Cash_Flows_From_Financing_Activities.Proceeds_From_Follow_On_Public_Offering_Net_Of_Offering_Expenses,Reported.Cash_Flows_From_Financing_Activities.Proceeds_From_Follow_On_Public_Offering_Net_Of_Offering_Expenses,data_field,Yes,,,,,,,,,,,,,0,0,0,0,0,0,0,0
209,Distributions to shareholders,Distributions_To_Shareholders,Cash_Flows_From_Financing_Activities,,,Reported.Cash_Flows_From_Financing_Activities.Distributions_To_Shareholders,Reported.Cash_Flows_From_Financing_Activities.Distributions_To_Shareholders,data_field,Yes,,,,,,,,,,,,,0,0,0,0,0,0,0,0
210,"Purchase of Treasury Stock, at cost",Purchase_Of_Treasury_Stock_At_Cost,Cash_Flows_From_Financing_Activities,,,Reported.Cash_Flows_From_Financing_Activities.Purchase_Of_Treasury_Stock_At_Cost,Reported.Cash_Flows_From_Financing_Activities.Purchase_Of_Treasury_Stock_At_Cost,data_field,Yes,,,,,,,,,,,,,0,0,0,0,0,0,0,0
211,Others,Others,Cash_Flows_From_Financing_Activities,,,Reported.Cash_Flows_From_Financing_Activities.Others,Reported.Cash_Flows_From_Financing_Activities.Others,data_field,Yes,,,,,,,,,,,,,0,0,-100,-100,0,0,0,0
214,Effect of changes in exchange rates on cash and cash equivalents,Effect_Of_Changes_In_Exchange_Rates_On_Cash_And_Cash_Equivalents,Cash_Flows_From_Financing_Activities,Net_Cash_Provided_By_Financing_Activities,,Reported.Cash_Flows_From_Financing_Activities.Net_Cash_Provided_By_Financing_Activities.Effect_Of_Changes_In_Exchange_Rates_On_Cash_And_Cash_Equivalents,CashFlow_Statement.Financing_Activities.Effect_Of_Changes_In_Exchange_Rates_On_Cash_And_Cash_Equivalents,data_field,Yes,,,,,,,,,,,,,-1909,-4120,-1691,-3697,5248,6780,-3771,-7763
215,Net increase in cash and cash equivalents,Net_Increase_In_Cash_And_Cash_Equivalents,Cash_Flows_From_Financing_Activities,Net_Cash_Provided_By_Financing_Activities,,Reported.Cash_Flows_From_Financing_Activities.Net_Cash_Provided_By_Financing_Activities.Net_Increase_In_Cash_And_Cash_Equivalents,CashFlow_Statement.Financing_Activities.Net_Increase_In_Cash_And_Cash_Equivalents,data_field,Yes,,,,,,,,,,,,,1487,7735,13710,64940,12758,40336,48726,32374
216,Cash and cash equivalents - Beginning of period,Cash_And_Cash_Equivalents_Beginning_Of_Period,Cash_Flows_From_Financing_Activities,Net_Cash_Provided_By_Financing_Activities,,Reported.Cash_Flows_From_Financing_Activities.Net_Cash_Provided_By_Financing_Activities.Cash_And_Cash_Equivalents_Beginning_Of_Period,CashFlow_Statement.Financing_Activities.Cash_And_Cash_Equivalents_Beginning_Of_Period,data_field,Yes,,,,,,,,,,,,,82920,82920,82920,82920,147860,147860,147860,147860
217,Cash and cash equivalents - Ending balance,Cash_And_Cash_Equivalents_Ending_Balance,Cash_Flows_From_Financing_Activities,Net_Cash_Provided_By_Financing_Activities,,Reported.Cash_Flows_From_Financing_Activities.Net_Cash_Provided_By_Financing_Activities.Cash_And_Cash_Equivalents_Ending_Balance,CashFlow_Statement.Financing_Activities.Cash_And_Cash_Equivalents_Ending_Balance,data_field,No,,,,,,,,,,,,,,,,,,,,
219,Cash and cash equivalents - End of period,Cash_And_Cash_Equivalents_End_Of_Period,Cash_Flows_From_Financing_Activities,Less_Restricted_Cash_Included_In_Other_Current_Assets_And_Other_Assets,,Reported.Cash_Flows_From_Financing_Activities.Less_Restricted_Cash_Included_In_Other_Current_Assets_And_Other_Assets.Cash_And_Cash_Equivalents_End_Of_Period,Reported.Cash_Flows_From_Financing_Activities.Less_Restricted_Cash_Included_In_Other_Current_Assets_And_Other_Assets.Cash_And_Cash_Equivalents_End_Of_Period,data_field,Yes,,,,,,,,,,,,,84407,90655,96630,147860,160618,188196,196586,180234
221,Cash paid for interest,Cash_Paid_For_Interest,Supplemental_Disclosures_Of_Cash_Flow_Information,,,Reported.Supplemental_Disclosures_Of_Cash_Flow_Information.Cash_Paid_For_Interest,Reported.Supplemental_Disclosures_Of_Cash_Flow_Information.Cash_Paid_For_Interest,data_field,Yes,,,,,,,,,,,,,281,515,757,998,255,514,809,1089
222,Cash paid for income taxes,Cash_Paid_For_Income_Taxes,Supplemental_Disclosures_Of_Cash_Flow_Information,,,Reported.Supplemental_Disclosures_Of_Cash_Flow_Information.Cash_Paid_For_Income_Taxes,Reported.Supplemental_Disclosures_Of_Cash_Flow_Information.Cash_Paid_For_Income_Taxes,data_field,Yes,,,,,,,,,,,,,1445,3504,6363,7417,8865,14905,19465,39199
224,Demonstration units transferred from inventory to other assets,Demonstration_Units_Transferred_From_Inventory_To_Other_Assets,Supplemental_Disclosures_Of_Cash_Flow_Information,,Non_Cash_Transactions,Reported.Supplemental_Disclosures_Of_Cash_Flow_Information.Non_Cash_Transactions.Demonstration_Units_Transferred_From_Inventory_To_Other_Assets,Reported.Supplemental_Disclosures_Of_Cash_Flow_Information.Non_Cash_Transactions.Demonstration_Units_Transferred_From_Inventory_To_Other_Assets,data_field,Yes,,,,,,,,,,,,,490,652,1462,1620,789,1291,2185,3784
225,"Property, plant and equipment transferred from inventory",Property_Plant_And_Equipment_Transferred_From_Inventory,Supplemental_Disclosures_Of_Cash_Flow_Information,,Non_Cash_Transactions,Reported.Supplemental_Disclosures_Of_Cash_Flow_Information.Non_Cash_Transactions.Property_Plant_And_Equipment_Transferred_From_Inventory,Reported.Supplemental_Disclosures_Of_Cash_Flow_Information.Non_Cash_Transactions.Property_Plant_And_Equipment_Transferred_From_Inventory,data_field,Yes,,,,,,,,,,,,,0,0,0,0,0,0,0,0
226,"Additions to property, plant and equipment included in accounts payable",Additions_To_Property_Plant_And_Equipment_Included_In_Accounts_Payable,Supplemental_Disclosures_Of_Cash_Flow_Information,,Non_Cash_Transactions,Reported.Supplemental_Disclosures_Of_Cash_Flow_Information.Non_Cash_Transactions.Additions_To_Property_Plant_And_Equipment_Included_In_Accounts_Payable,Reported.Supplemental_Disclosures_Of_Cash_Flow_Information.Non_Cash_Transactions.Additions_To_Property_Plant_And_Equipment_Included_In_Accounts_Payable,data_field,Yes,,,,,,,,,,,,,119,286,530,407,125,545,782,484
227,Property purchase financed with debt,Property_Purchase_Financed_With_Debt,Supplemental_Disclosures_Of_Cash_Flow_Information,,Non_Cash_Transactions,Reported.Supplemental_Disclosures_Of_Cash_Flow_Information.Non_Cash_Transactions.Property_Purchase_Financed_With_Debt,Reported.Supplemental_Disclosures_Of_Cash_Flow_Information.Non_Cash_Transactions.Property_Purchase_Financed_With_Debt,data_field,Yes,,,,,,,,,,,,,0,0,0,0,1679,1851,1853,1833
228,Others,Others,Supplemental_Disclosures_Of_Cash_Flow_Information,,Non_Cash_Transactions,Reported.Supplemental_Disclosures_Of_Cash_Flow_Information.Non_Cash_Transactions.Others,Reported.Supplemental_Disclosures_Of_Cash_Flow_Information.Non_Cash_Transactions.Others,data_field,Yes,,,,,,,,,,,,,789,1478,1120,1120,882,1536,1452,0
230,Check,Check,Supplemental_Disclosures_Of_Cash_Flow_Information,,Non_Cash_Transactions,Reported.Supplemental_Disclosures_Of_Cash_Flow_Information.Non_Cash_Transactions.Check,Reported.Supplemental_Disclosures_Of_Cash_Flow_Information.Non_Cash_Transactions.Check,data_field,Yes,0,0,0,0,0,0,0,0,0,0,0,0,0,0,0,0,0,0,0,0
231,Check,Check,Supplemental_Disclosures_Of_Cash_Flow_Information,,Non_Cash_Transactions,Reported.Supplemental_Disclosures_Of_Cash_Flow_Information.Non_Cash_Transactions.Check,Reported.Supplemental_Disclosures_Of_Cash_Flow_Information.Non_Cash_Transactions.Check,data_field,Yes,0,0,0,0,0,0,0,0,0,0,0,0,0,0,0,0,0,0,0,0
232,Check,Check,Supplemental_Disclosures_Of_Cash_Flow_Information,,Non_Cash_Transactions,Reported.Supplemental_Disclosures_Of_Cash_Flow_Information.Non_Cash_Transactions.Check,Reported.Supplemental_Disclosures_Of_Cash_Flow_Information.Non_Cash_Transactions.Check,data_field,Yes,0,0,0,0,0,0,0,0,0,0,0,0,0,0,0,0,0,0,0,0
233,Check,Check,Supplemental_Disclosures_Of_Cash_Flow_Information,,Non_Cash_Transactions,Reported.Supplemental_Disclosures_Of_Cash_Flow_Information.Non_Cash_Transactions.Check,Reported.Supplemental_Disclosures_Of_Cash_Flow_Information.Non_Cash_Transactions.Check,data_field,Yes,0,0,0,0,0,0,0,0,0,0,0,0,0,0,0,0,0,0,0,0
234,Check,Check,Supplemental_Disclosures_Of_Cash_Flow_Information,,Non_Cash_Transactions,Reported.Supplemental_Disclosures_Of_Cash_Flow_Information.Non_Cash_Transactions.Check,Reported.Supplemental_Disclosures_Of_Cash_Flow_Information.Non_Cash_Transactions.Check,data_field,Yes,0,0,0,0,0,0,0,0,0,0,0,0,0,0,0,0,0,0,0,0
235,Check,Check,Supplemental_Disclosures_Of_Cash_Flow_Information,,Non_Cash_Transactions,Reported.Supplemental_Disclosures_Of_Cash_Flow_Information.Non_Cash_Transactions.Check,Reported.Supplemental_Disclosures_Of_Cash_Flow_Information.Non_Cash_Transactions.Check,data_field,Yes,0,0,0,0,0,0,0,0,0,0,0,0,0,0,0,0,0,0,0,0
236,Check,Check,Supplemental_Disclosures_Of_Cash_Flow_Information,,Non_Cash_Transactions,Reported.Supplemental_Disclosures_Of_Cash_Flow_Information.Non_Cash_Transactions.Check,Reported.Supplemental_Disclosures_Of_Cash_Flow_Information.Non_Cash_Transactions.Check,data_field,Yes,0,0,0,0,0,0,0,0,0,0,0,0,0,0,0,0,0,0,0,0
241,Supplement information,Supplement_Information,Supplemental_Disclosures_Of_Cash_Flow_Information,,Non_Cash_Transactions,Reported.Supplemental_Disclosures_Of_Cash_Flow_Information.Non_Cash_Transactions.Supplement_Information,Reported.Supplemental_Disclosures_Of_Cash_Flow_Information.Non_Cash_Transactions.Supplement_Information,data_field,No,,,,,,,,,,,,,,,,,,,,
243,Backlog (in Mn USD),Backlog_In_Mn_Usd,Supplemental_Disclosures_Of_Cash_Flow_Information,,Non_Cash_Transactions,Reported.Supplemental_Disclosures_Of_Cash_Flow_Information.Non_Cash_Transactions.Backlog_In_Mn_Usd,Reported.Supplemental_Disclosures_Of_Cash_Flow_Information.Non_Cash_Transactions.Backlog_In_Mn_Usd,data_field,No,,,,,,,,,,,,,,,,,,,,
244,Orders with firm shipment dates,Orders_With_Firm_Shipment_Dates,Supplemental_Disclosures_Of_Cash_Flow_Information,,Non_Cash_Transactions,Reported.Supplemental_Disclosures_Of_Cash_Flow_Information.Non_Cash_Transactions.Orders_With_Firm_Shipment_Dates,Reported.Supplemental_Disclosures_Of_Cash_Flow_Information.Non_Cash_Transactions.Orders_With_Firm_Shipment_Dates,data_field,Yes,,,,,,,,,,,,,,,,98.6,,,,124.1
245,Orders expected to ship within one year (frame agreement),Orders_Expected_To_Ship_Within_One_Year_Frame_Agreement,Supplemental_Disclosures_Of_Cash_Flow_Information,,Non_Cash_Transactions,Reported.Supplemental_Disclosures_Of_Cash_Flow_Information.Non_Cash_Transactions.Orders_Expected_To_Ship_Within_One_Year_Frame_Agreement,Reported.Supplemental_Disclosures_Of_Cash_Flow_Information.Non_Cash_Transactions.Orders_Expected_To_Ship_Within_One_Year_Frame_Agreement,data_field,Yes,,,,,,,,,,,,,,,,73,,,,82.9
246,Total,Total,Supplemental_Disclosures_Of_Cash_Flow_Information,,Non_Cash_Transactions,Reported.Supplemental_Disclosures_Of_Cash_Flow_Information.Non_Cash_Transactions.Total,Financial_Statements.Totals.Total,data_field,Yes,,,,,,,,,,,,,,,,171.6,,,,207
248,Employees,Employees,Supplemental_Disclosures_Of_Cash_Flow_Information,,Non_Cash_Transactions,Reported.Supplemental_Disclosures_Of_Cash_Flow_Information.Non_Cash_Transactions.Employees,Reported.Supplemental_Disclosures_Of_Cash_Flow_Information.Non_Cash_Transactions.Employees,data_field,No,,,,,,,,,,,,,,,,,,,,
249,R&D,Rd,Supplemental_Disclosures_Of_Cash_Flow_Information,,Non_Cash_Transactions,Reported.Supplemental_Disclosures_Of_Cash_Flow_Information.Non_Cash_Transactions.Rd,Reported.Supplemental_Disclosures_Of_Cash_Flow_Information.Non_Cash_Transactions.Rd,data_field,Yes,,,,,,,,,,,,,,,,140,,,,184
250,Manufacturing operations,Manufacturing_Operations,Supplemental_Disclosures_Of_Cash_Flow_Information,,Non_Cash_Transactions,Reported.Supplemental_Disclosures_Of_Cash_Flow_Information.Non_Cash_Transactions.Manufacturing_Operations,Reported.Supplemental_Disclosures_Of_Cash_Flow_Information.Non_Cash_Transactions.Manufacturing_Operations,data_field,Yes,,,,,,,,,,,,,,,,1370,,,,1646
251,"Sales, service and marketing",Sales_Service_And_Marketing,Supplemental_Disclosures_Of_Cash_Flow_Information,,Non_Cash_Transactions,Reported.Supplemental_Disclosures_Of_Cash_Flow_Information.Non_Cash_Transactions.Sales_Service_And_Marketing,Reported.Supplemental_Disclosures_Of_Cash_Flow_Information.Non_Cash_Transactions.Sales_Service_And_Marketing,data_field,Yes,,,,,,,,,,,,,,,,100,,,,122
252,General and administraative,General_And_Administraative,Supplemental_Disclosures_Of_Cash_Flow_Information,,Non_Cash_Transactions,Reported.Supplemental_Disclosures_Of_Cash_Flow_Information.Non_Cash_Transactions.General_And_Administraative,Reported.Supplemental_Disclosures_Of_Cash_Flow_Information.Non_Cash_Transactions.General_And_Administraative,data_field,Yes,,,,,,,,,,,,,,,,150,,,,185
253,Contractors,Contractors,Supplemental_Disclosures_Of_Cash_Flow_Information,,Non_Cash_Transactions,Reported.Supplemental_Disclosures_Of_Cash_Flow_Information.Non_Cash_Transactions.Contractors,Reported.Supplemental_Disclosures_Of_Cash_Flow_Information.Non_Cash_Transactions.Contractors,data_field,Yes,,,,,,,,,,,,,,,,,,,,
254,Total,Total,Supplemental_Disclosures_Of_Cash_Flow_Information,,Non_Cash_Transactions,Reported.Supplemental_Disclosures_Of_Cash_Flow_Information.Non_Cash_Transactions.Total,Financial_Statements.Totals.Total,data_field,Yes,,,,,,,,,,,,,,,,1760,,,,2137
256,"Property, plant, and equipment (in '000 USD)",Property_Plant_And_Equipment_In_000_Usd,Supplemental_Disclosures_Of_Cash_Flow_Information,,Non_Cash_Transactions,Reported.Supplemental_Disclosures_Of_Cash_Flow_Information.Non_Cash_Transactions.Property_Plant_And_Equipment_In_000_Usd,Reported.Supplemental_Disclosures_Of_Cash_Flow_Information.Non_Cash_Transactions.Property_Plant_And_Equipment_In_000_Usd,data_field,No,,,,,,,,,,,,,,,,,,,,
257,Land,Land,Supplemental_Disclosures_Of_Cash_Flow_Information,,Non_Cash_Transactions,Reported.Supplemental_Disclosures_Of_Cash_Flow_Information.Non_Cash_Transactions.Land,Reported.Supplemental_Disclosures_Of_Cash_Flow_Information.Non_Cash_Transactions.Land,data_field,Yes,,,,,,,,,,,,,,,,12380,,,,16168
258,Buildings,Buildings,Supplemental_Disclosures_Of_Cash_Flow_Information,,Non_Cash_Transactions,Reported.Supplemental_Disclosures_Of_Cash_Flow_Information.Non_Cash_Transactions.Buildings,Reported.Supplemental_Disclosures_Of_Cash_Flow_Information.Non_Cash_Transactions.Buildings,data_field,Yes,,,,,,,,,,,,,,,,87492,,,,96556
259,Machinery and equipment,Machinery_And_Equipment,Supplemental_Disclosures_Of_Cash_Flow_Information,,Non_Cash_Transactions,Reported.Supplemental_Disclosures_Of_Cash_Flow_Information.Non_Cash_Transactions.Machinery_And_Equipment,Reported.Supplemental_Disclosures_Of_Cash_Flow_Information.Non_Cash_Transactions.Machinery_And_Equipment,data_field,Yes,,,,,,,,,,,,,,,,92363,,,,110331
260,Office furniture and fixtures,Office_Furniture_And_Fixtures,Supplemental_Disclosures_Of_Cash_Flow_Information,,Non_Cash_Transactions,Reported.Supplemental_Disclosures_Of_Cash_Flow_Information.Non_Cash_Transactions.Office_Furniture_And_Fixtures,Reported.Supplemental_Disclosures_Of_Cash_Flow_Information.Non_Cash_Transactions.Office_Furniture_And_Fixtures,data_field,Yes,,,,,,,,,,,,,,,,16607,,,,18268
261,Construction-in-progress,Construction_In_Progress,Supplemental_Disclosures_Of_Cash_Flow_Information,,Non_Cash_Transactions,Reported.Supplemental_Disclosures_Of_Cash_Flow_Information.Non_Cash_Transactions.Construction_In_Progress,Reported.Supplemental_Disclosures_Of_Cash_Flow_Information.Non_Cash_Transactions.Construction_In_Progress,data_field,Yes,,,,,,,,,,,,,,,,5392,,,,20953
262,"Total property, plant and equipment",Total_Property_Plant_And_Equipment,Supplemental_Disclosures_Of_Cash_Flow_Information,,Non_Cash_Transactions,Reported.Supplemental_Disclosures_Of_Cash_Flow_Information.Non_Cash_Transactions.Total_Property_Plant_And_Equipment,Financial_Statements.Totals.Total_Property_Plant_And_Equipment,data_field,Yes,,,,,,,,,,,,,,,,214234,,,,262276
263,Accumulated depreciation,Accumulated_Depreciation,Supplemental_Disclosures_Of_Cash_Flow_Information,,Non_Cash_Transactions,Reported.Supplemental_Disclosures_Of_Cash_Flow_Information.Non_Cash_Transactions.Accumulated_Depreciation,Reported.Supplemental_Disclosures_Of_Cash_Flow_Information.Non_Cash_Transactions.Accumulated_Depreciation,data_field,Yes,,,,,,,,,,,,,,,,-93551,,,,-107074
264,"Total property, plant and equipment  net",Total_Property_Plant_And_Equipment_Net,Supplemental_Disclosures_Of_Cash_Flow_Information,,Non_Cash_Transactions,Reported.Supplemental_Disclosures_Of_Cash_Flow_Information.Non_Cash_Transactions.Total_Property_Plant_And_Equipment_Net,Financial_Statements.Totals.Total_Property_Plant_And_Equipment_Net,data_field,Yes,,,,,,,,,,,,,,,,120683,,,,155202
266,"Depreciation and amortization (YTD, in '000 USD)",Depreciation_And_Amortization_Ytd_In_000_Usd,Supplemental_Disclosures_Of_Cash_Flow_Information,,Non_Cash_Transactions,Reported.Supplemental_Disclosures_Of_Cash_Flow_Information.Non_Cash_Transactions.Depreciation_And_Amortization_Ytd_In_000_Usd,Reported.Supplemental_Disclosures_Of_Cash_Flow_Information.Non_Cash_Transactions.Depreciation_And_Amortization_Ytd_In_000_Usd,data_field,No,,,,,,,,,,,,,,,,,,,,
267,Depreciation,Depreciation,Supplemental_Disclosures_Of_Cash_Flow_Information,,Non_Cash_Transactions,Reported.Supplemental_Disclosures_Of_Cash_Flow_Information.Non_Cash_Transactions.Depreciation,Reported.Supplemental_Disclosures_Of_Cash_Flow_Information.Non_Cash_Transactions.Depreciation,data_field,Yes,,,,,,,,,,,,,,,,16212,,,,18796
268,Amortization,Amortization,Supplemental_Disclosures_Of_Cash_Flow_Information,,Non_Cash_Transactions,Reported.Supplemental_Disclosures_Of_Cash_Flow_Information.Non_Cash_Transactions.Amortization,Reported.Supplemental_Disclosures_Of_Cash_Flow_Information.Non_Cash_Transactions.Amortization,data_field,Yes,,,,,,,,,,,,,,,,3694,,,,2920
269,Others,Others,Supplemental_Disclosures_Of_Cash_Flow_Information,,Non_Cash_Transactions,Reported.Supplemental_Disclosures_Of_Cash_Flow_Information.Non_Cash_Transactions.Others,Reported.Supplemental_Disclosures_Of_Cash_Flow_Information.Non_Cash_Transactions.Others,data_field,Yes,,,,,,,,,,,,,,,,1939,,,,2246
270,Total,Total,Supplemental_Disclosures_Of_Cash_Flow_Information,,Non_Cash_Transactions,Reported.Supplemental_Disclosures_Of_Cash_Flow_Information.Non_Cash_Transactions.Total,Financial_Statements.Totals.Total,data_field,Yes,,,,,,,,,,,,,,,,21845,,,,23962
272,Inventories (in '000 USD),Inventories_In_000_Usd,Supplemental_Disclosures_Of_Cash_Flow_Information,,Non_Cash_Transactions,Reported.Supplemental_Disclosures_Of_Cash_Flow_Information.Non_Cash_Transactions.Inventories_In_000_Usd,Reported.Supplemental_Disclosures_Of_Cash_Flow_Information.Non_Cash_Transactions.Inventories_In_000_Usd,data_field,No,,,,,,,,,,,,,,,,,,,,
273,Components and raw materials,Components_And_Raw_Materials,Supplemental_Disclosures_Of_Cash_Flow_Information,,Non_Cash_Transactions,Reported.Supplemental_Disclosures_Of_Cash_Flow_Information.Non_Cash_Transactions.Components_And_Raw_Materials,Reported.Supplemental_Disclosures_Of_Cash_Flow_Information.Non_Cash_Transactions.Components_And_Raw_Materials,data_field,Yes,,,,,,,,,,,,,17092,17605,22261,25126,29772,38963,42428,41107
274,Work-in-process,Work_In_Process,Supplemental_Disclosures_Of_Cash_Flow_Information,,Non_Cash_Transactions,Reported.Supplemental_Disclosures_Of_Cash_Flow_Information.Non_Cash_Transactions.Work_In_Process,Reported.Supplemental_Disclosures_Of_Cash_Flow_Information.Non_Cash_Transactions.Work_In_Process,data_field,Yes,,,,,,,,,,,,,22089,21240,23008,24392,30666,36929,39300,40380
275,Finished goods,Finished_Goods,Supplemental_Disclosures_Of_Cash_Flow_Information,,Non_Cash_Transactions,Reported.Supplemental_Disclosures_Of_Cash_Flow_Information.Non_Cash_Transactions.Finished_Goods,Reported.Supplemental_Disclosures_Of_Cash_Flow_Information.Non_Cash_Transactions.Finished_Goods,data_field,Yes,,,,,,,,,,,,,12954,15184,19629,22952,28260,33381,35548,35491
276,Total,Total,Supplemental_Disclosures_Of_Cash_Flow_Information,,Non_Cash_Transactions,Reported.Supplemental_Disclosures_Of_Cash_Flow_Information.Non_Cash_Transactions.Total,Financial_Statements.Totals.Total,data_field,Yes,,,,,,,,,,,,,52135,54029,64898,72470,88698,109273,117276,116978
278,Check,Check,Supplemental_Disclosures_Of_Cash_Flow_Information,,Non_Cash_Transactions,Reported.Supplemental_Disclosures_Of_Cash_Flow_Information.Non_Cash_Transactions.Check,Reported.Supplemental_Disclosures_Of_Cash_Flow_Information.Non_Cash_Transactions.Check,data_field,Yes,,,,,,,,,,,,,0,0,0,0,0,0,0,0
279,Check,Check,Supplemental_Disclosures_Of_Cash_Flow_Information,,Non_Cash_Transactions,Reported.Supplemental_Disclosures_Of_Cash_Flow_Information.Non_Cash_Transactions.Check,Reported.Supplemental_Disclosures_Of_Cash_Flow_Information.Non_Cash_Transactions.Check,data_field,Yes,,,,,,,,,,,,,0,0,0,0,0,0,0,0
280,Check,Check,Supplemental_Disclosures_Of_Cash_Flow_Information,,Non_Cash_Transactions,Reported.Supplemental_Disclosures_Of_Cash_Flow_Information.Non_Cash_Transactions.Check,Reported.Supplemental_Disclosures_Of_Cash_Flow_Information.Non_Cash_Transactions.Check,data_field,Yes,,,,,,,,,,,,,0,0,0,0,0,0,0,0
281,Check,Check,Supplemental_Disclosures_Of_Cash_Flow_Information,,Non_Cash_Transactions,Reported.Supplemental_Disclosures_Of_Cash_Flow_Information.Non_Cash_Transactions.Check,Reported.Supplemental_Disclosures_Of_Cash_Flow_Information.Non_Cash_Transactions.Check,data_field,Yes,,,,,,,,,,,,,0,0,0,0,0,0,0,0
282,Check,Check,Supplemental_Disclosures_Of_Cash_Flow_Information,,Non_Cash_Transactions,Reported.Supplemental_Disclosures_Of_Cash_Flow_Information.Non_Cash_Transactions.Check,Reported.Supplemental_Disclosures_Of_Cash_Flow_Information.Non_Cash_Transactions.Check,data_field,Yes,,,,,,,,,,,,,0,0,0,0,0,0,0,0
283,Check,Check,Supplemental_Disclosures_Of_Cash_Flow_Information,,Non_Cash_Transactions,Reported.Supplemental_Disclosures_Of_Cash_Flow_Information.Non_Cash_Transactions.Check,Reported.Supplemental_Disclosures_Of_Cash_Flow_Information.Non_Cash_Transactions.Check,data_field,Yes,,,,,,,,,,,,,0,0,0,0,0,0,0,0
